-- users data
-- students
INSERT INTO Users VALUES ('E0000001', 'password', 'Sally');
INSERT INTO Users VALUES ('E0000002', 'password', 'Phil');
INSERT INTO Users VALUES ('E0000003', 'password', 'Leo');
INSERT INTO Users VALUES ('E0000004', 'password', 'Justin');
INSERT INTO Users VALUES ('E0000005', 'password', 'Lester');
INSERT INTO Users VALUES ('E0000006', 'password', 'Chad');
INSERT INTO Users VALUES ('E0000007', 'password', 'Tom');
INSERT INTO Users VALUES ('E0000008', 'password', 'Tanya');
INSERT INTO Users VALUES ('E0000009', 'password', 'Chester');
INSERT INTO Users VALUES ('E0000010', 'password', 'Adam');
INSERT INTO Users VALUES ('E0000011', 'password', 'Jason');
INSERT INTO Users VALUES ('E0000012', 'password', 'Jonathan');
INSERT INTO Users VALUES ('E0000013', 'password', 'Phyllis');
INSERT INTO Users VALUES ('E0000014', 'password', 'Esther');
INSERT INTO Users VALUES ('E0000015', 'password', 'Gabriel');
INSERT INTO Users VALUES ('E0000016', 'password', 'Alex');
INSERT INTO Users VALUES ('E0000017', 'password', 'Phileon');
INSERT INTO Users VALUES ('E0000018', 'password', 'Shawn');
INSERT INTO Users VALUES ('E0000019', 'password', 'Sean');
INSERT INTO Users VALUES ('E0000020', 'password', 'Lily');
INSERT INTO Users VALUES ('E0000021', 'password', 'Queenie');
INSERT INTO Users VALUES ('E0000022', 'password', 'Oscar');
INSERT INTO Users VALUES ('E0000023', 'password', 'Mike');
INSERT INTO Users VALUES ('E0000024', 'password', 'Kelsey');
INSERT INTO Users VALUES ('E0000025', 'password', 'Maria');
INSERT INTO Users VALUES ('E0000026', 'password', 'Heather');
INSERT INTO Users VALUES ('E0000027', 'password', 'Wallace');
INSERT INTO Users VALUES ('E0000028', 'password', 'Rachel');
INSERT INTO Users VALUES ('E0000029', 'password', 'Ivan');
INSERT INTO Users VALUES ('E0000030', 'password', 'Benjamin');

-- professors
INSERT INTO Users VALUES ('A0000001', 'password', 'Tan Chee Meng');
INSERT INTO Users VALUES ('A0000002', 'password', 'Ang Beng Seng');
INSERT INTO Users VALUES ('A0000003', 'password', 'Lim Kai Hock');
INSERT INTO Users VALUES ('A0000004', 'password', 'Goh Cheng Phee');
INSERT INTO Users VALUES ('A0000005', 'password', 'Tay Seng Choo');
INSERT INTO Users VALUES ('A0000006', 'password', 'Loo Sheng Hao');
INSERT INTO Users VALUES ('A0000007', 'password', 'Eng Loo Leng');
INSERT INTO Users VALUES ('A0000008', 'password', 'Chee Soon Huan');
INSERT INTO Users VALUES ('A0000009', 'password', 'Yew Kai Fong');
INSERT INTO Users VALUES ('A0000010', 'password', 'Chan Seng Huat');

-- students data
INSERT INTO Students VALUES ('E0000001');
INSERT INTO Students VALUES ('E0000002');
INSERT INTO Students VALUES ('E0000003');
INSERT INTO Students VALUES ('E0000004');
INSERT INTO Students VALUES ('E0000005');
INSERT INTO Students VALUES ('E0000006');
INSERT INTO Students VALUES ('E0000007');
INSERT INTO Students VALUES ('E0000008');
INSERT INTO Students VALUES ('E0000009');
INSERT INTO Students VALUES ('E0000010');
INSERT INTO Students VALUES ('E0000011');
INSERT INTO Students VALUES ('E0000012');
INSERT INTO Students VALUES ('E0000013');
INSERT INTO Students VALUES ('E0000014');
INSERT INTO Students VALUES ('E0000015');
INSERT INTO Students VALUES ('E0000016');
INSERT INTO Students VALUES ('E0000017');
INSERT INTO Students VALUES ('E0000018');
INSERT INTO Students VALUES ('E0000019');
INSERT INTO Students VALUES ('E0000020');
INSERT INTO Students VALUES ('E0000021');
INSERT INTO Students VALUES ('E0000022');
INSERT INTO Students VALUES ('E0000023');
INSERT INTO Students VALUES ('E0000024');
INSERT INTO Students VALUES ('E0000025');
INSERT INTO Students VALUES ('E0000026');
INSERT INTO Students VALUES ('E0000027');
INSERT INTO Students VALUES ('E0000028');
INSERT INTO Students VALUES ('E0000029');
INSERT INTO Students VALUES ('E0000030');

-- professors data
INSERT INTO Professors VALUES ('A0000001');
INSERT INTO Professors VALUES ('A0000002');
INSERT INTO Professors VALUES ('A0000003');
INSERT INTO Professors VALUES ('A0000004');
INSERT INTO Professors VALUES ('A0000005');
INSERT INTO Professors VALUES ('A0000006');
INSERT INTO Professors VALUES ('A0000007');
INSERT INTO Professors VALUES ('A0000008');
INSERT INTO Professors VALUES ('A0000009');
INSERT INTO Professors VALUES ('A0000010');

-- courses data
INSERT INTO Courses VALUES ('CS1010', 'Programming Methodology', 4, 30);
INSERT INTO Courses VALUES ('CS2102', 'Database Systems', 4, 20);
INSERT INTO Courses VALUES ('CS2030', 'Programming Methodology II', 4, 20);
INSERT INTO Courses VALUES ('CS2040', 'Data Structures and Algorithms', 4, 20);
INSERT INTO Courses VALUES ('IS1103', 'IS Innovations in Organisations and Society', 4, 15);
INSERT INTO Courses VALUES ('IS2101', 'Business and Technical Communication', 4, 10);
INSERT INTO Courses VALUES ('CS2105', 'Intro to Computer Networks', 4, 25);
INSERT INTO Courses VALUES ('CS1231', 'Discrete Structes', 4, 30);
INSERT INTO Courses VALUES ('MA1521', 'Calculus for Computing', 4, 40);
INSERT INTO Courses VALUES ('GER1000', 'Quantitative Reasoning', 4, 40);

-- assessment data
INSERT INTO Assessment VALUES ('CS1010', 'Forum Bonus', 5);
INSERT INTO Assessment VALUES ('CS1010', 'Mid Term', 30);
INSERT INTO Assessment VALUES ('CS2102', 'Forum Bonus', 5);
INSERT INTO Assessment VALUES ('CS2102', 'Mid Term', 40);
INSERT INTO Assessment VALUES ('CS2030', 'Forum Bonus', 5);
INSERT INTO Assessment VALUES ('CS2030', 'Mid Term', 50);
INSERT INTO Assessment VALUES ('CS2040', 'Forum Bonus', 5);
INSERT INTO Assessment VALUES ('CS2040', 'Mid Term', 60);
INSERT INTO Assessment VALUES ('IS1103', 'Forum Bonus', 5);
INSERT INTO Assessment VALUES ('IS1103', 'Mid Term', 20);
INSERT INTO Assessment VALUES ('IS2101', 'Forum Bonus', 5);
INSERT INTO Assessment VALUES ('IS2101', 'Mid Term', 15);
INSERT INTO Assessment VALUES ('CS2105', 'Forum Bonus', 5);
INSERT INTO Assessment VALUES ('CS1231', 'Forum Bonus', 5);
INSERT INTO Assessment VALUES ('MA1521', 'Forum Bonus', 5);
INSERT INTO Assessment VALUES ('GER1000', 'Forum Bonus', 5);

-- scores data
INSERT INTO Scores VALUES ('E0000001', 'CS2102', 25, 'Mid Term');
INSERT INTO Scores VALUES ('E0000001', 'CS2102', 0, 'Forum Bonus');
INSERT INTO Scores VALUES ('E0000002', 'CS2102', 30, 'Mid Term');
INSERT INTO Scores VALUES ('E0000002', 'CS2102', 0, 'Forum Bonus');
INSERT INTO Scores VALUES ('E0000003', 'CS2102', 26, 'Mid Term');
INSERT INTO Scores VALUES ('E0000003', 'CS2102', 0, 'Forum Bonus');
INSERT INTO Scores VALUES ('E0000001', 'CS2030', 40, 'Mid Term');
INSERT INTO Scores VALUES ('E0000001', 'CS2030', 0, 'Forum Bonus');
INSERT INTO Scores VALUES ('E0000002', 'CS2030', 35, 'Mid Term');
INSERT INTO Scores VALUES ('E0000002', 'CS2030', 0, 'Forum Bonus');
INSERT INTO Scores VALUES ('E0000003', 'CS2030', 32, 'Mid Term');
INSERT INTO Scores VALUES ('E0000003', 'CS2030', 0, 'Forum Bonus');
INSERT INTO Scores VALUES ('E0000001', 'CS2040', 50, 'Mid Term');
INSERT INTO Scores VALUES ('E0000001', 'CS2040', 0, 'Forum Bonus');
INSERT INTO Scores VALUES ('E0000002', 'CS2040', 45, 'Mid Term');
INSERT INTO Scores VALUES ('E0000002', 'CS2040', 0, 'Forum Bonus');
INSERT INTO Scores VALUES ('E0000003', 'CS2040', 42, 'Mid Term');
INSERT INTO Scores VALUES ('E0000003', 'CS2040', 0, 'Forum Bonus');

-- teaches data
INSERT INTO Teaches VALUES ('A0000001', 'CS1010');
INSERT INTO Teaches VALUES ('A0000002', 'CS2102');
INSERT INTO Teaches VALUES ('A0000003', 'CS2030');
INSERT INTO Teaches VALUES ('A0000004', 'CS2040');
INSERT INTO Teaches VALUES ('A0000005', 'IS1103');
INSERT INTO Teaches VALUES ('A0000006', 'IS2101');
INSERT INTO Teaches VALUES ('A0000007', 'CS2105');
INSERT INTO Teaches VALUES ('A0000008', 'CS1231');
INSERT INTO Teaches VALUES ('A0000009', 'MA1521');
INSERT INTO Teaches VALUES ('A0000010', 'GER1000');
INSERT INTO Teaches VALUES ('A0000003', 'CS2040');
INSERT INTO Teaches VALUES ('A0000004', 'CS1010');
INSERT INTO Teaches VALUES ('A0000005', 'IS2101');
INSERT INTO Teaches VALUES ('A0000006', 'GER1000');
INSERT INTO Teaches VALUES ('A0000007', 'CS1231');
INSERT INTO Teaches VALUES ('A0000004', 'CS2105');
INSERT INTO Teaches VALUES ('A0000004', 'CS2102');
INSERT INTO Teaches VALUES ('A0000005', 'MA1521');

-- passed data
INSERT INTO Enrolls VALUES ('E0000001', 'CS2105');
INSERT INTO Passed VALUES ('E0000001', 'CS2105', 'AY18/19', 1, 4.8);
INSERT INTO Enrolls VALUES ('E0000001', 'CS1010');
INSERT INTO Passed VALUES ('E0000001', 'CS1010', 'AY18/19', 2, 4.3);
INSERT INTO Enrolls VALUES ('E0000001', 'IS1103');
INSERT INTO Passed VALUES ('E0000001', 'IS1103', 'AY18/19', 2, 4.3);
INSERT INTO Enrolls VALUES ('E0000001', 'IS2101');
INSERT INTO Passed VALUES ('E0000001', 'IS2101', 'AY18/19', 1, 4.0);
INSERT INTO Enrolls VALUES ('E0000001', 'CS1231	');
INSERT INTO Passed VALUES ('E0000001', 'CS1231	', 'AY18/19', 2, 4.2);
INSERT INTO Enrolls VALUES ('E0000002', 'CS2105');
INSERT INTO Passed VALUES ('E0000002', 'CS2105', 'AY18/19', 2, 4.4);
INSERT INTO Enrolls VALUES ('E0000002', 'CS1010');
INSERT INTO Passed VALUES ('E0000002', 'CS1010', 'AY18/19', 1, 4.6);
INSERT INTO Enrolls VALUES ('E0000002', 'IS1103');
INSERT INTO Passed VALUES ('E0000002', 'IS1103', 'AY18/19', 2, 4.5);
INSERT INTO Enrolls VALUES ('E0000002', 'IS2101');
INSERT INTO Passed VALUES ('E0000002', 'IS2101', 'AY18/19', 2, 3.8);
INSERT INTO Enrolls VALUES ('E0000002', 'CS1231	');
INSERT INTO Passed VALUES ('E0000002', 'CS1231	', 'AY18/19', 1, 4.2);
INSERT INTO Enrolls VALUES ('E0000016', 'IS1103');
INSERT INTO Passed VALUES ('E0000016', 'IS1103', 'AY18/19', 1, 4.5);
INSERT INTO Enrolls VALUES ('E0000016', 'IS2101');
INSERT INTO Passed VALUES ('E0000016', 'IS2101', 'AY18/19', 2, 4.6);
INSERT INTO Enrolls VALUES ('E0000016', 'MA1521');
INSERT INTO Passed VALUES ('E0000016', 'MA1521', 'AY18/19', 1, 4.4);
INSERT INTO Enrolls VALUES ('E0000016', 'CS2102');
INSERT INTO Passed VALUES ('E0000016', 'CS2102', 'AY18/19', 1, 4.8);
INSERT INTO Enrolls VALUES ('E0000016', 'CS2030');
INSERT INTO Passed VALUES ('E0000016', 'CS2030', 'AY18/19', 2, 4.9);
INSERT INTO Enrolls VALUES ('E0000017', 'IS1103');
INSERT INTO Passed VALUES ('E0000017', 'IS1103', 'AY18/19', 1, 4.3);
INSERT INTO Enrolls VALUES ('E0000017', 'IS2101');
INSERT INTO Passed VALUES ('E0000017', 'IS2101', 'AY18/19', 2, 4.2);
INSERT INTO Enrolls VALUES ('E0000017', 'MA1521');
INSERT INTO Passed VALUES ('E0000017', 'MA1521', 'AY18/19', 1, 4.7);
INSERT INTO Enrolls VALUES ('E0000017', 'CS2102');
INSERT INTO Passed VALUES ('E0000017', 'CS2102', 'AY18/19', 1, 4.3);
INSERT INTO Enrolls VALUES ('E0000017', 'CS2030');
INSERT INTO Passed VALUES ('E0000017', 'CS2030', 'AY18/19', 2, 4.4);
INSERT INTO Enrolls VALUES ('E0000018', 'CS2105');
INSERT INTO Passed VALUES ('E0000018', 'CS2105', 'AY18/19', 1, 4.0);
INSERT INTO Enrolls VALUES ('E0000018', 'CS1231');
INSERT INTO Passed VALUES ('E0000018', 'CS1231', 'AY18/19', 2, 4.5);
INSERT INTO Enrolls VALUES ('E0000018', 'GER1000');
INSERT INTO Passed VALUES ('E0000018', 'GER1000', 'AY18/19', 1, 4.2);
INSERT INTO Enrolls VALUES ('E0000018', 'CS1010');
INSERT INTO Passed VALUES ('E0000018', 'CS1010', 'AY18/19', 2, 4.1);
INSERT INTO Enrolls VALUES ('E0000018', 'IS2101');
INSERT INTO Passed VALUES ('E0000018', 'IS2101', 'AY18/19', 2, 4.0);
INSERT INTO Enrolls VALUES ('E0000019', 'CS2102');
INSERT INTO Passed VALUES ('E0000019', 'CS2102', 'AY18/19', 1, 4.0);
INSERT INTO Enrolls VALUES ('E0000019', 'MA1521');
INSERT INTO Passed VALUES ('E0000019', 'MA1521', 'AY18/19', 2, 4.5);
INSERT INTO Enrolls VALUES ('E0000019', 'GER1000');
INSERT INTO Passed VALUES ('E0000019', 'GER1000', 'AY18/19', 2, 4.2);
INSERT INTO Enrolls VALUES ('E0000019', 'CS1010');
INSERT INTO Passed VALUES ('E0000019', 'CS1010', 'AY18/19', 1, 4.1);
INSERT INTO Enrolls VALUES ('E0000019', 'IS2101');
INSERT INTO Passed VALUES ('E0000019', 'IS2101', 'AY18/19', 2, 4.0);
INSERT INTO Enrolls VALUES ('E0000020', 'CS2105');
INSERT INTO Passed VALUES ('E0000020', 'CS2105', 'AY18/19', 1, 4.4);
INSERT INTO Enrolls VALUES ('E0000020', 'CS2040');
INSERT INTO Passed VALUES ('E0000020', 'CS2040', 'AY18/19', 2, 4.7);
INSERT INTO Enrolls VALUES ('E0000020', 'GER1000');
INSERT INTO Passed VALUES ('E0000020', 'GER1000', 'AY18/19', 2, 3.8);
INSERT INTO Enrolls VALUES ('E0000020', 'CS1010');
INSERT INTO Passed VALUES ('E0000020', 'CS1010', 'AY18/19', 1, 3.7);
INSERT INTO Enrolls VALUES ('E0000020', 'CS2030');
INSERT INTO Passed VALUES ('E0000020', 'CS2030', 'AY18/19', 2, 4.0);

-- enrolls data
INSERT INTO Enrolls VALUES ('E0000001', 'CS2102');
INSERT INTO Enrolls VALUES ('E0000001', 'CS2030');
INSERT INTO Enrolls VALUES ('E0000001', 'CS2040');
INSERT INTO Enrolls VALUES ('E0000001', 'MA1521');
INSERT INTO Enrolls VALUES ('E0000001', 'GER1000');
INSERT INTO Enrolls VALUES ('E0000002', 'CS2102');
INSERT INTO Enrolls VALUES ('E0000002', 'CS2030');
INSERT INTO Enrolls VALUES ('E0000002', 'CS2040');
INSERT INTO Enrolls VALUES ('E0000002', 'MA1521');
INSERT INTO Enrolls VALUES ('E0000002', 'GER1000');
INSERT INTO Enrolls VALUES ('E0000003', 'CS2102');
INSERT INTO Enrolls VALUES ('E0000003', 'CS2030');
INSERT INTO Enrolls VALUES ('E0000003', 'CS2040');
INSERT INTO Enrolls VALUES ('E0000003', 'MA1521');
INSERT INTO Enrolls VALUES ('E0000003', 'GER1000');
INSERT INTO Enrolls VALUES ('E0000004', 'CS2102');
INSERT INTO Enrolls VALUES ('E0000004', 'CS2030');
INSERT INTO Enrolls VALUES ('E0000004', 'CS2040');
INSERT INTO Enrolls VALUES ('E0000004', 'MA1521');
INSERT INTO Enrolls VALUES ('E0000004', 'GER1000');
INSERT INTO Enrolls VALUES ('E0000005', 'CS2102');
INSERT INTO Enrolls VALUES ('E0000005', 'CS2030');
INSERT INTO Enrolls VALUES ('E0000005', 'CS2040');
INSERT INTO Enrolls VALUES ('E0000005', 'MA1521');
INSERT INTO Enrolls VALUES ('E0000005', 'GER1000');
INSERT INTO Enrolls VALUES ('E0000006', 'CS2102');
INSERT INTO Enrolls VALUES ('E0000006', 'IS1103');
INSERT INTO Enrolls VALUES ('E0000006', 'IS2101');
INSERT INTO Enrolls VALUES ('E0000006', 'CS2030');
INSERT INTO Enrolls VALUES ('E0000006', 'CS2105');
INSERT INTO Enrolls VALUES ('E0000007', 'CS2102');
INSERT INTO Enrolls VALUES ('E0000007', 'IS1103');
INSERT INTO Enrolls VALUES ('E0000007', 'IS2101');
INSERT INTO Enrolls VALUES ('E0000007', 'CS2030');
INSERT INTO Enrolls VALUES ('E0000007', 'CS2105');
INSERT INTO Enrolls VALUES ('E0000008', 'CS2102');
INSERT INTO Enrolls VALUES ('E0000008', 'IS1103');
INSERT INTO Enrolls VALUES ('E0000008', 'IS2101');
INSERT INTO Enrolls VALUES ('E0000008', 'CS2030');
INSERT INTO Enrolls VALUES ('E0000008', 'CS2105');
INSERT INTO Enrolls VALUES ('E0000009', 'CS2102');
INSERT INTO Enrolls VALUES ('E0000009', 'IS1103');
INSERT INTO Enrolls VALUES ('E0000009', 'IS2101');
INSERT INTO Enrolls VALUES ('E0000009', 'CS2030');
INSERT INTO Enrolls VALUES ('E0000009', 'CS2105');
INSERT INTO Enrolls VALUES ('E0000010', 'CS2102');
INSERT INTO Enrolls VALUES ('E0000010', 'IS1103');
INSERT INTO Enrolls VALUES ('E0000010', 'IS2101');
INSERT INTO Enrolls VALUES ('E0000010', 'CS2030');
INSERT INTO Enrolls VALUES ('E0000010', 'CS2105');
INSERT INTO Enrolls VALUES ('E0000011', 'CS1010');
INSERT INTO Enrolls VALUES ('E0000011', 'CS2040');
INSERT INTO Enrolls VALUES ('E0000011', 'CS2102');
INSERT INTO Enrolls VALUES ('E0000011', 'CS1231');
INSERT INTO Enrolls VALUES ('E0000011', 'GER1000');
INSERT INTO Enrolls VALUES ('E0000012', 'CS1010');
INSERT INTO Enrolls VALUES ('E0000012', 'CS2040');
INSERT INTO Enrolls VALUES ('E0000012', 'CS2102');
INSERT INTO Enrolls VALUES ('E0000012', 'CS1231');
INSERT INTO Enrolls VALUES ('E0000012', 'GER1000');
INSERT INTO Enrolls VALUES ('E0000013', 'CS1010');
INSERT INTO Enrolls VALUES ('E0000013', 'CS2040');
INSERT INTO Enrolls VALUES ('E0000013', 'CS2102');
INSERT INTO Enrolls VALUES ('E0000013', 'CS1231');
INSERT INTO Enrolls VALUES ('E0000013', 'GER1000');
INSERT INTO Enrolls VALUES ('E0000014', 'CS1010');
INSERT INTO Enrolls VALUES ('E0000014', 'CS2040');
INSERT INTO Enrolls VALUES ('E0000014', 'CS2102');
INSERT INTO Enrolls VALUES ('E0000014', 'CS1231');
INSERT INTO Enrolls VALUES ('E0000014', 'GER1000');
INSERT INTO Enrolls VALUES ('E0000015', 'CS1010');
INSERT INTO Enrolls VALUES ('E0000015', 'CS2040');
INSERT INTO Enrolls VALUES ('E0000015', 'CS2102');
INSERT INTO Enrolls VALUES ('E0000015', 'CS1231');
INSERT INTO Enrolls VALUES ('E0000015', 'GER1000');

-- tutors data
INSERT INTO Tutors VALUES ('E0000016', 'IS1103', 1);
INSERT INTO Tutors VALUES ('E0000016', 'IS2101', 2);
INSERT INTO Tutors VALUES ('E0000016', 'CS2102', 3);
INSERT INTO Tutors VALUES ('E0000016', 'CS2030', 4);
INSERT INTO Tutors VALUES ('E0000017', 'MA1521', 5);
INSERT INTO Tutors VALUES ('E0000018', 'CS1231', 6);
INSERT INTO Tutors VALUES ('E0000020', 'CS2040', 7);

-- requests data
INSERT INTO Requests VALUES ('E0000021', 'CS2102', '2019-8-14 15:00:00');
INSERT INTO Requests VALUES ('E0000022', 'CS2040', '2019-8-13 10:00:00');
INSERT INTO Requests VALUES ('E0000023', 'MA1521', '2019-8-12 11:00:00');
INSERT INTO Requests VALUES ('E0000024', 'CS2102', '2019-8-14 16:00:00');
INSERT INTO Requests VALUES ('E0000025', 'CS2040', '2019-8-16 20:00:00');
INSERT INTO Requests VALUES ('E0000026', 'MA1521', '2019-8-10 08:00:00');
INSERT INTO Requests VALUES ('E0000027', 'CS2102', '2019-8-12 14:00:00');
INSERT INTO Requests VALUES ('E0000028', 'CS2040', '2019-8-13 09:00:00');
INSERT INTO Requests VALUES ('E0000029', 'MA1521', '2019-8-13 09:30:00');
INSERT INTO Requests VALUES ('E0000030', 'CS2040', '2019-8-11 17:00:00');

-- forums data
INSERT INTO Forums VALUES ('CS2102', 'Lectures');
INSERT INTO Forums VALUES ('CS2102', 'Tutorials');
INSERT INTO Forums VALUES ('CS2102', 'General');
INSERT INTO Forums VALUES ('CS2030', 'Lectures');
INSERT INTO Forums VALUES ('CS2030', 'Tutorials');
INSERT INTO Forums VALUES ('CS2030', 'General');
INSERT INTO Forums VALUES ('CS2040', 'Lectures');
INSERT INTO Forums VALUES ('CS2040', 'Tutorials');
INSERT INTO Forums VALUES ('CS2040', 'General');
INSERT INTO Forums VALUES ('MA1521', 'Lectures');
INSERT INTO Forums VALUES ('MA1521', 'Tutorials');
INSERT INTO Forums VALUES ('MA1521', 'General');
INSERT INTO Forums VALUES ('GER1000', 'Lectures');
INSERT INTO Forums VALUES ('GER1000', 'Tutorials');
INSERT INTO Forums VALUES ('GER1000', 'General');

-- threads data
INSERT INTO Threads VALUES ('CS2102', 'Lectures', 'Clarification on Lecture 8', 'E0000001', '2019-9-10 15:00:00');
INSERT INTO Threads VALUES ('CS2102', 'Lectures', 'Clarification on Lecture 9', 'E0000002', '2019-9-11 10:00:00');
INSERT INTO Threads VALUES ('CS2102', 'Lectures', 'Clarification on Lecture 10', 'E0000003', '2019-9-12 12:00:00');
INSERT INTO Threads VALUES ('CS2102', 'Tutorials', 'Tutorial 1 Question 10', 'E0000001', '2019-9-10 15:00:00');
INSERT INTO Threads VALUES ('CS2102', 'Tutorials', 'Tutorial 2 Question 5', 'E0000002', '2019-9-11 10:00:00');
INSERT INTO Threads VALUES ('CS2102', 'Tutorials', 'Tutorial 3 Question 3', 'E0000003', '2019-9-12 12:00:00');
INSERT INTO Threads VALUES ('CS2102', 'General', 'How to use Postgresql', 'E0000001', '2019-9-10 15:00:00');
INSERT INTO Threads VALUES ('CS2102', 'General', 'Hello everyone', 'E0000002', '2019-9-11 10:00:00');
INSERT INTO Threads VALUES ('CS2102', 'General', 'Testing thread creation', 'E0000003', '2019-9-12 12:00:00');
INSERT INTO Threads VALUES ('CS2030', 'Lectures', 'Clarification on Lecture 8', 'E0000001', '2019-9-10 15:00:00');
INSERT INTO Threads VALUES ('CS2030', 'Lectures', 'Clarification on Lecture 9', 'E0000002', '2019-9-11 10:00:00');
INSERT INTO Threads VALUES ('CS2030', 'Lectures', 'Clarification on Lecture 10', 'E0000003', '2019-9-12 12:00:00');
INSERT INTO Threads VALUES ('CS2030', 'Tutorials', 'Tutorial 1 Question 10', 'E0000001', '2019-9-10 15:00:00');
INSERT INTO Threads VALUES ('CS2030', 'Tutorials', 'Tutorial 2 Question 5', 'E0000002', '2019-9-11 10:00:00');
INSERT INTO Threads VALUES ('CS2030', 'Tutorials', 'Tutorial 3 Question 3', 'E0000003', '2019-9-12 12:00:00');
INSERT INTO Threads VALUES ('CS2030', 'General', 'How to use Postgresql', 'E0000001', '2019-9-10 15:00:00');
INSERT INTO Threads VALUES ('CS2030', 'General', 'Hello everyone', 'E0000002', '2019-9-11 10:00:00');
INSERT INTO Threads VALUES ('CS2030', 'General', 'Testing thread creation', 'E0000003', '2019-9-12 12:00:00');
INSERT INTO Threads VALUES ('CS2040', 'Lectures', 'Clarification on Lecture 8', 'E0000001', '2019-9-10 15:00:00');
INSERT INTO Threads VALUES ('CS2040', 'Lectures', 'Clarification on Lecture 9', 'E0000002', '2019-9-11 10:00:00');
INSERT INTO Threads VALUES ('CS2040', 'Lectures', 'Clarification on Lecture 10', 'E0000003', '2019-9-12 12:00:00');
INSERT INTO Threads VALUES ('CS2040', 'Tutorials', 'Tutorial 1 Question 10', 'E0000001', '2019-9-10 15:00:00');
INSERT INTO Threads VALUES ('CS2040', 'Tutorials', 'Tutorial 2 Question 5', 'E0000002', '2019-9-11 10:00:00');
INSERT INTO Threads VALUES ('CS2040', 'Tutorials', 'Tutorial 3 Question 3', 'E0000003', '2019-9-12 12:00:00');
INSERT INTO Threads VALUES ('CS2040', 'General', 'How to use Postgresql', 'E0000001', '2019-9-10 15:00:00');
INSERT INTO Threads VALUES ('CS2040', 'General', 'Hello everyone', 'E0000002', '2019-9-11 10:00:00');
INSERT INTO Threads VALUES ('CS2040', 'General', 'Testing thread creation', 'E0000003', '2019-9-12 12:00:00');

-- posts data
INSERT INTO Posts VALUES ('CS2102', 'Lectures', 'Clarification on Lecture 8', 'What does Slide 15 mean?', '1', '2019-9-15 14:00:00', 'E0000001');
INSERT INTO Posts VALUES ('CS2102', 'Lectures', 'Clarification on Lecture 8', 'I think it means this', '2', '2019-9-15 14:30:00', 'E0000002');
INSERT INTO Posts VALUES ('CS2102', 'Lectures', 'Clarification on Lecture 8', 'I agree with what the guy above said', '3', '2019-9-15 15:00:00', 'E0000003');
INSERT INTO Posts VALUES ('CS2102', 'Lectures', 'Clarification on Lecture 9', 'What does Slide 10 mean?', '1', '2019-9-15 14:00:00', 'E0000001');
INSERT INTO Posts VALUES ('CS2102', 'Lectures', 'Clarification on Lecture 9', 'I think it means this', '2', '2019-9-15 14:30:00', 'E0000002');
INSERT INTO Posts VALUES ('CS2102', 'Lectures', 'Clarification on Lecture 9', 'I agree with what the guy above said', '3', '2019-9-15 15:00:00', 'E0000003');
INSERT INTO Posts VALUES ('CS2102', 'Lectures', 'Clarification on Lecture 10', 'What does Slide 26 mean?', '1', '2019-9-15 14:00:00', 'E0000001');
INSERT INTO Posts VALUES ('CS2102', 'Lectures', 'Clarification on Lecture 10', 'I think it means this', '2', '2019-9-15 14:30:00', 'E0000002');
INSERT INTO Posts VALUES ('CS2102', 'Lectures', 'Clarification on Lecture 10', 'I agree with what the guy above said', '3', '2019-9-15 15:00:00', 'E0000003');
INSERT INTO Posts VALUES ('CS2102', 'Tutorials', 'Tutorial 1 Question 10', 'How to do this question?', '1', '2019-9-15 14:00:00', 'E0000001');
INSERT INTO Posts VALUES ('CS2102', 'Tutorials', 'Tutorial 1 Question 10', 'I think you do it like this', '2', '2019-9-15 14:30:00', 'E0000002');
INSERT INTO Posts VALUES ('CS2102', 'Tutorials', 'Tutorial 1 Question 10', 'I agree with what the guy above said', '3', '2019-9-15 15:00:00', 'E0000003');
INSERT INTO Posts VALUES ('CS2102', 'Tutorials', 'Tutorial 2 Question 5', 'How to do this question?', '1', '2019-9-15 14:00:00', 'E0000001');
INSERT INTO Posts VALUES ('CS2102', 'Tutorials', 'Tutorial 2 Question 5', 'I think you do it like this', '2', '2019-9-15 14:30:00', 'E0000002');
INSERT INTO Posts VALUES ('CS2102', 'Tutorials', 'Tutorial 2 Question 5', 'I agree with what the guy above said', '3', '2019-9-15 15:00:00', 'E0000003');
INSERT INTO Posts VALUES ('CS2102', 'Tutorials', 'Tutorial 3 Question 3', 'How to do this question?', '1', '2019-9-15 14:00:00', 'E0000001');
INSERT INTO Posts VALUES ('CS2102', 'Tutorials', 'Tutorial 3 Question 3', 'I think you do it like this', '2', '2019-9-15 14:30:00', 'E0000002');
INSERT INTO Posts VALUES ('CS2102', 'Tutorials', 'Tutorial 3 Question 3', 'I agree with what the guy above said', '3', '2019-9-15 15:00:00', 'E0000003');
INSERT INTO Posts VALUES ('CS2102', 'General', 'How to use Postgresql', 'How to use?', '1', '2019-9-15 14:00:00', 'E0000001');
INSERT INTO Posts VALUES ('CS2102', 'General', 'How to use Postgresql', 'Read this guide', '2', '2019-9-15 14:30:00', 'E0000002');
INSERT INTO Posts VALUES ('CS2102', 'General', 'How to use Postgresql', 'I agree with what the guy above said', '3', '2019-9-15 15:00:00', 'E0000003');
INSERT INTO Posts VALUES ('CS2102', 'General', 'Hello everyone', 'Hello to you', '1', '2019-9-15 14:00:00', 'E0000001');
INSERT INTO Posts VALUES ('CS2102', 'General', 'Hello everyone', 'Hello to you too', '2', '2019-9-15 14:30:00', 'E0000002');
INSERT INTO Posts VALUES ('CS2102', 'General', 'Hello everyone', 'Hello world', '3', '2019-9-15 15:00:00', 'E0000003');
INSERT INTO Posts VALUES ('CS2102', 'General', 'Testing thread creation', 'Created for fun to try', '1', '2019-9-15 14:00:00', 'E0000001');
INSERT INTO Posts VALUES ('CS2102', 'General', 'Testing thread creation', 'Was it fun?', '2', '2019-9-15 14:30:00', 'E0000002');
INSERT INTO Posts VALUES ('CS2102', 'General', 'Testing thread creation', 'Sounds pretty fun', '3', '2019-9-15 15:00:00', 'E0000003');

-- announcement data
INSERT INTO Announcements VALUES ('CS2102', 'Welcome to this module!', 'A0000004', 'Warm welcomes to this course students!', '2019-08-20 08:00:00');
INSERT INTO Announcements VALUES ('CS2102', 'Make up Lecture', 'A0000002', 'It will be held this Saturday', '2019-09-20 10:00:00');
INSERT INTO Announcements VALUES ('CS2030', 'Welcome to this module!', 'A0000003', 'Warm welcomes to this course students!', '2019-08-20 08:00:00');
INSERT INTO Announcements VALUES ('CS2030', 'Make up Lecture', 'A0000003', 'It will be held this Saturday', '2019-09-20 10:00:00');
INSERT INTO Announcements VALUES ('CS2040', 'Welcome to this module!', 'A0000004', 'Warm welcomes to this course students!', '2019-08-20 08:00:00');
INSERT INTO Announcements VALUES ('CS2040', 'Make up Lecture', 'A0000003', 'It will be held this Saturday', '2019-09-20 10:00:00');
