-- users data
-- students
INSERT INTO Users VALUES ('E000001', 'password', 'Sally');
INSERT INTO Users VALUES ('E000002', 'password', 'Phil');
INSERT INTO Users VALUES ('E000003', 'password', 'Leo');
INSERT INTO Users VALUES ('E000004', 'password', 'Justin');
INSERT INTO Users VALUES ('E000005', 'password', 'Lester');
INSERT INTO Users VALUES ('E000006', 'password', 'Chad');
INSERT INTO Users VALUES ('E000007', 'password', 'Tom');
INSERT INTO Users VALUES ('E000008', 'password', 'Tanya');
INSERT INTO Users VALUES ('E000009', 'password', 'Chester');
INSERT INTO Users VALUES ('E0000010', 'password', 'Adam');
INSERT INTO Users VALUES ('E0000011', 'password', 'Jason');
INSERT INTO Users VALUES ('E0000012', 'password', 'Jonathan');
INSERT INTO Users VALUES ('E0000013', 'password', 'Phyllis');
INSERT INTO Users VALUES ('E0000014', 'password', 'Esther');
INSERT INTO Users VALUES ('E0000015', 'password', 'Gabriel');
INSERT INTO Users VALUES ('E0000016', 'password', 'Alex');
INSERT INTO Users VALUES ('E0000017', 'password', 'Phileon');
INSERT INTO Users VALUES ('E0000018', 'password', 'Shawn');
INSERT INTO Users VALUES ('E0000019', 'password', 'Sean');
INSERT INTO Users VALUES ('E0000020', 'password', 'Lily');
INSERT INTO Users VALUES ('E0000021', 'password', 'Queenie');
INSERT INTO Users VALUES ('E0000022', 'password', 'Oscar');
INSERT INTO Users VALUES ('E0000023', 'password', 'Mike');
INSERT INTO Users VALUES ('E0000024', 'password', 'Kelsey');
INSERT INTO Users VALUES ('E0000025', 'password', 'Maria');
INSERT INTO Users VALUES ('E0000026', 'password', 'Heather');
INSERT INTO Users VALUES ('E0000027', 'password', 'Wallace');
INSERT INTO Users VALUES ('E0000028', 'password', 'Rachel');
INSERT INTO Users VALUES ('E0000029', 'password', 'Ivan');
INSERT INTO Users VALUES ('E0000030', 'password', 'Benjamin');
INSERT INTO Users VALUES ('E0000031','password','Wylie'),('E0000032','password','Curran'),('E0000033','password','Amir'),('E0000034','password','Phillip'),('E0000035','password','Dean'),('E0000036','password','Cedric'),('E0000037','password','Alfonso'),('E0000038','password','Emmanuel'),('E0000039','password','Otto'),('E0000040','password','Blaze'),('E0000041','password','Alvin'),('E0000042','password','Donovan'),('E0000043','password','Acton'),('E0000044','password','Amal'),('E0000045','password','Simon'),('E0000046','password','Nathaniel'),('E0000047','password','Arden'),('E0000048','password','Kane'),('E0000049','password','Cole'),('E0000050','password','Yasir'),('E0000051','password','Josiah'),('E0000052','password','Lawrence'),('E0000053','password','Jared'),('E0000054','password','Prescott'),('E0000055','password','Xanthus'),('E0000056','password','Callum'),('E0000057','password','Carlos'),('E0000058','password','Jordan'),('E0000059','password','Drew'),('E0000060','password','Jason'),('E0000061','password','Wesley'),('E0000062','password','Vance'),('E0000063','password','Zeus'),('E0000064','password','Oscar'),('E0000065','password','Oliver'),('E0000066','password','Hammett'),('E0000067','password','Cooper'),('E0000068','password','Logan'),('E0000069','password','Abel'),('E0000070','password','Erich'),('E0000071','password','Ivor'),('E0000072','password','David'),('E0000073','password','Declan'),('E0000074','password','Kieran'),('E0000075','password','Martin'),('E0000076','password','Conan'),('E0000077','password','Jack'),('E0000078','password','Carl'),('E0000079','password','Ryan'),('E0000080','password','Abel'),('E0000081','password','Barry'),('E0000082','password','Cairo'),('E0000083','password','Dexter'),('E0000084','password','Clayton'),('E0000085','password','Ian'),('E0000086','password','Xander'),('E0000087','password','Aidan'),('E0000088','password','Adam'),('E0000089','password','Nissim'),('E0000090','password','Lance'),('E0000091','password','Caesar'),('E0000092','password','Acton'),('E0000093','password','Ivor'),('E0000094','password','Forrest'),('E0000095','password','Samuel'),('E0000096','password','Octavius'),('E0000097','password','Reed'),('E0000098','password','Ezra'),('E0000099','password','Russell'),('E00000100','password','Raphael');

-- professors
INSERT INTO Users VALUES ('A0000001', 'password', 'Tan Chee Meng');
INSERT INTO Users VALUES ('A0000002', 'password', 'Ang Beng Seng');
INSERT INTO Users VALUES ('A0000003', 'password', 'Lim Kai Hock');
INSERT INTO Users VALUES ('A0000004', 'password', 'Goh Cheng Phee');
INSERT INTO Users VALUES ('A0000005', 'password', 'Tay Seng Choo');
INSERT INTO Users VALUES ('A0000006', 'password', 'Loo Sheng Hao');
INSERT INTO Users VALUES ('A0000007', 'password', 'Eng Loo Leng');
INSERT INTO Users VALUES ('A0000008', 'password', 'Chee Soon Huan');
INSERT INTO Users VALUES ('A0000009', 'password', 'Yew Kai Fong');
INSERT INTO Users VALUES ('A0000010', 'password', 'Chan Seng Huat');

-- students data
INSERT INTO Students VALUES ('E000001');
INSERT INTO Students VALUES ('E000002');
INSERT INTO Students VALUES ('E000003');
INSERT INTO Students VALUES ('E000004');
INSERT INTO Students VALUES ('E000005');
INSERT INTO Students VALUES ('E000006');
INSERT INTO Students VALUES ('E000007');
INSERT INTO Students VALUES ('E000008');
INSERT INTO Students VALUES ('E000009');
INSERT INTO Students VALUES ('E0000010');
INSERT INTO Students VALUES ('E0000011');
INSERT INTO Students VALUES ('E0000012');
INSERT INTO Students VALUES ('E0000013');
INSERT INTO Students VALUES ('E0000014');
INSERT INTO Students VALUES ('E0000015');
INSERT INTO Students VALUES ('E0000016');
INSERT INTO Students VALUES ('E0000017');
INSERT INTO Students VALUES ('E0000018');
INSERT INTO Students VALUES ('E0000019');
INSERT INTO Students VALUES ('E0000020');
INSERT INTO Students VALUES ('E0000021');
INSERT INTO Students VALUES ('E0000022');
INSERT INTO Students VALUES ('E0000023');
INSERT INTO Students VALUES ('E0000024');
INSERT INTO Students VALUES ('E0000025');
INSERT INTO Students VALUES ('E0000026');
INSERT INTO Students VALUES ('E0000027');
INSERT INTO Students VALUES ('E0000028');
INSERT INTO Students VALUES ('E0000029');
INSERT INTO Students VALUES ('E0000030');
INSERT INTO Students VALUES ('E0000031'),('E0000032'),('E0000033'),('E0000034'),('E0000035'),('E0000036'),('E0000037'),('E0000038'),('E0000039'),('E0000040'),('E0000041'),('E0000042'),('E0000043'),('E0000044'),('E0000045'),('E0000046'),('E0000047'),('E0000048'),('E0000049'),('E0000050'),('E0000051'),('E0000052'),('E0000053'),('E0000054'),('E0000055'),('E0000056'),('E0000057'),('E0000058'),('E0000059'),('E0000060'),('E0000061'),('E0000062'),('E0000063'),('E0000064'),('E0000065'),('E0000066'),('E0000067'),('E0000068'),('E0000069'),('E0000070'),('E0000071'),('E0000072'),('E0000073'),('E0000074'),('E0000075'),('E0000076'),('E0000077'),('E0000078'),('E0000079'),('E0000080'),('E0000081'),('E0000082'),('E0000083'),('E0000084'),('E0000085'),('E0000086'),('E0000087'),('E0000088'),('E0000089'),('E0000090'),('E0000091'),('E0000092'),('E0000093'),('E0000094'),('E0000095'),('E0000096'),('E0000097'),('E0000098'),('E0000099'),('E00000100');

-- professors data
INSERT INTO Professors VALUES ('A0000001');
INSERT INTO Professors VALUES ('A0000002');
INSERT INTO Professors VALUES ('A0000003');
INSERT INTO Professors VALUES ('A0000004');
INSERT INTO Professors VALUES ('A0000005');
INSERT INTO Professors VALUES ('A0000006');
INSERT INTO Professors VALUES ('A0000007');
INSERT INTO Professors VALUES ('A0000008');
INSERT INTO Professors VALUES ('A0000009');
INSERT INTO Professors VALUES ('A0000010');

-- courses data
INSERT INTO Courses VALUES ('CS1010', 'Programming Methodology', 4, 100);
INSERT INTO Courses VALUES ('CS2102', 'Database Systems', 4, 100);
INSERT INTO Courses VALUES ('CS2030', 'Programming Methodology II', 4, 100);
INSERT INTO Courses VALUES ('CS2040', 'Data Structures and Algorithms', 4, 100);
INSERT INTO Courses VALUES ('IS1103', 'IS Innovations in Organisations and Society', 4, 100);
INSERT INTO Courses VALUES ('IS2101', 'Business and Technical Communication', 4, 100);
INSERT INTO Courses VALUES ('CS2105', 'Introduction to Computer Networks', 4, 100);
INSERT INTO Courses VALUES ('CS1231', 'Discrete Structes', 4, 100);
INSERT INTO Courses VALUES ('MA1521', 'Calculus for Computing', 4, 100);
INSERT INTO Courses VALUES ('GER1000', 'Quantitative Reasoning', 4, 100);

-- assessment data
INSERT INTO Assessment VALUES ('CS1010', 'Forum Bonus', 5);
INSERT INTO Assessment VALUES ('CS1010', 'Mid Term', 30);
INSERT INTO Assessment VALUES ('CS2102', 'Forum Bonus', 5);
INSERT INTO Assessment VALUES ('CS2102', 'Mid Term', 40);
INSERT INTO Assessment VALUES ('CS2030', 'Forum Bonus', 5);
INSERT INTO Assessment VALUES ('CS2030', 'Mid Term', 50);
INSERT INTO Assessment VALUES ('CS2040', 'Forum Bonus', 5);
INSERT INTO Assessment VALUES ('CS2040', 'Mid Term', 60);
INSERT INTO Assessment VALUES ('IS1103', 'Forum Bonus', 5);
INSERT INTO Assessment VALUES ('IS1103', 'Mid Term', 20);
INSERT INTO Assessment VALUES ('IS2101', 'Forum Bonus', 5);
INSERT INTO Assessment VALUES ('IS2101', 'Mid Term', 15);
INSERT INTO Assessment VALUES ('CS2105', 'Forum Bonus', 5);
INSERT INTO Assessment VALUES ('CS1231', 'Forum Bonus', 5);
INSERT INTO Assessment VALUES ('MA1521', 'Forum Bonus', 5);
INSERT INTO Assessment VALUES ('GER1000', 'Forum Bonus', 5);

-- scores data
INSERT INTO Scores VALUES ('E000001', 'CS2102', 25, 'Mid Term');
INSERT INTO Scores VALUES ('E000001', 'CS2102', 0, 'Forum Bonus');
INSERT INTO Scores VALUES ('E000002', 'CS2102', 30, 'Mid Term');
INSERT INTO Scores VALUES ('E000002', 'CS2102', 0, 'Forum Bonus');
INSERT INTO Scores VALUES ('E000003', 'CS2102', 26, 'Mid Term');
INSERT INTO Scores VALUES ('E000003', 'CS2102', 0, 'Forum Bonus');
INSERT INTO Scores VALUES ('E000001', 'CS2030', 40, 'Mid Term');
INSERT INTO Scores VALUES ('E000001', 'CS2030', 0, 'Forum Bonus');
INSERT INTO Scores VALUES ('E000002', 'CS2030', 35, 'Mid Term');
INSERT INTO Scores VALUES ('E000002', 'CS2030', 0, 'Forum Bonus');
INSERT INTO Scores VALUES ('E000003', 'CS2030', 32, 'Mid Term');
INSERT INTO Scores VALUES ('E000003', 'CS2030', 0, 'Forum Bonus');
INSERT INTO Scores VALUES ('E000001', 'CS2040', 50, 'Mid Term');
INSERT INTO Scores VALUES ('E000001', 'CS2040', 0, 'Forum Bonus');
INSERT INTO Scores VALUES ('E000002', 'CS2040', 45, 'Mid Term');
INSERT INTO Scores VALUES ('E000002', 'CS2040', 0, 'Forum Bonus');
INSERT INTO Scores VALUES ('E000003', 'CS2040', 42, 'Mid Term');
INSERT INTO Scores VALUES ('E000003', 'CS2040', 0, 'Forum Bonus');


INSERT INTO Scores VALUES ('E0000053', 'GER1000', 0, 'Forum Bonus');
INSERT INTO Scores VALUES ('E0000058', 'MA1521', 0, 'Forum Bonus');
INSERT INTO Scores VALUES ('E0000082', 'CS2105', 0, 'Forum Bonus');
INSERT INTO Scores VALUES ('E0000086', 'IS1103', 0, 'Forum Bonus');
INSERT INTO Scores VALUES ('E0000046', 'IS2101', 0, 'Forum Bonus');


-- teaches data
INSERT INTO Teaches VALUES ('A0000001', 'CS1010');
INSERT INTO Teaches VALUES ('A0000002', 'CS2102');
INSERT INTO Teaches VALUES ('A0000003', 'CS2030');
INSERT INTO Teaches VALUES ('A0000004', 'CS2040');
INSERT INTO Teaches VALUES ('A0000005', 'IS1103');
INSERT INTO Teaches VALUES ('A0000006', 'IS2101');
INSERT INTO Teaches VALUES ('A0000007', 'CS2105');
INSERT INTO Teaches VALUES ('A0000008', 'CS1231');
INSERT INTO Teaches VALUES ('A0000009', 'MA1521');
INSERT INTO Teaches VALUES ('A0000010', 'GER1000');
INSERT INTO Teaches VALUES ('A0000003', 'CS2040');
INSERT INTO Teaches VALUES ('A0000004', 'CS1010');
INSERT INTO Teaches VALUES ('A0000005', 'IS2101');
INSERT INTO Teaches VALUES ('A0000006', 'GER1000');
INSERT INTO Teaches VALUES ('A0000007', 'CS1231');
INSERT INTO Teaches VALUES ('A0000004', 'CS2105');
INSERT INTO Teaches VALUES ('A0000004', 'CS2102');
INSERT INTO Teaches VALUES ('A0000005', 'MA1521');

-- passed data
INSERT INTO Enrolls VALUES ('E000001', 'CS2105');
INSERT INTO Passed VALUES ('E000001', 'CS2105', 'AY18/19', 1, 4.8);
INSERT INTO Enrolls VALUES ('E000001', 'CS1010');
INSERT INTO Passed VALUES ('E000001', 'CS1010', 'AY18/19', 2, 4.3);
INSERT INTO Enrolls VALUES ('E000001', 'IS1103');
INSERT INTO Passed VALUES ('E000001', 'IS1103', 'AY18/19', 2, 4.3);
INSERT INTO Enrolls VALUES ('E000001', 'IS2101');
INSERT INTO Passed VALUES ('E000001', 'IS2101', 'AY18/19', 1, 4.0);
INSERT INTO Enrolls VALUES ('E000001', 'CS1231	');
INSERT INTO Passed VALUES ('E000001', 'CS1231	', 'AY18/19', 2, 4.2);
INSERT INTO Enrolls VALUES ('E000002', 'CS2105');
INSERT INTO Passed VALUES ('E000002', 'CS2105', 'AY18/19', 2, 4.4);
INSERT INTO Enrolls VALUES ('E000002', 'CS1010');
INSERT INTO Passed VALUES ('E000002', 'CS1010', 'AY18/19', 1, 4.6);
INSERT INTO Enrolls VALUES ('E000002', 'IS1103');
INSERT INTO Passed VALUES ('E000002', 'IS1103', 'AY18/19', 2, 4.5);
INSERT INTO Enrolls VALUES ('E000002', 'IS2101');
INSERT INTO Passed VALUES ('E000002', 'IS2101', 'AY18/19', 2, 3.8);
INSERT INTO Enrolls VALUES ('E000002', 'CS1231	');
INSERT INTO Passed VALUES ('E000002', 'CS1231	', 'AY18/19', 1, 4.2);
INSERT INTO Enrolls VALUES ('E0000016', 'IS1103');
INSERT INTO Passed VALUES ('E0000016', 'IS1103', 'AY18/19', 1, 4.5);
INSERT INTO Enrolls VALUES ('E0000016', 'IS2101');
INSERT INTO Passed VALUES ('E0000016', 'IS2101', 'AY18/19', 2, 4.6);
INSERT INTO Enrolls VALUES ('E0000016', 'MA1521');
INSERT INTO Passed VALUES ('E0000016', 'MA1521', 'AY18/19', 1, 4.4);
INSERT INTO Enrolls VALUES ('E0000016', 'CS2102');
INSERT INTO Passed VALUES ('E0000016', 'CS2102', 'AY18/19', 1, 4.8);
INSERT INTO Enrolls VALUES ('E0000016', 'CS2030');
INSERT INTO Passed VALUES ('E0000016', 'CS2030', 'AY18/19', 2, 4.9);
INSERT INTO Enrolls VALUES ('E0000017', 'IS1103');
INSERT INTO Passed VALUES ('E0000017', 'IS1103', 'AY18/19', 1, 4.3);
INSERT INTO Enrolls VALUES ('E0000017', 'IS2101');
INSERT INTO Passed VALUES ('E0000017', 'IS2101', 'AY18/19', 2, 4.2);
INSERT INTO Enrolls VALUES ('E0000017', 'MA1521');
INSERT INTO Passed VALUES ('E0000017', 'MA1521', 'AY18/19', 1, 4.7);
INSERT INTO Enrolls VALUES ('E0000017', 'CS2102');
INSERT INTO Passed VALUES ('E0000017', 'CS2102', 'AY18/19', 1, 4.3);
INSERT INTO Enrolls VALUES ('E0000017', 'CS2030');
INSERT INTO Passed VALUES ('E0000017', 'CS2030', 'AY18/19', 2, 4.4);
INSERT INTO Enrolls VALUES ('E0000018', 'CS2105');
INSERT INTO Passed VALUES ('E0000018', 'CS2105', 'AY18/19', 1, 4.0);
INSERT INTO Enrolls VALUES ('E0000018', 'CS1231');
INSERT INTO Passed VALUES ('E0000018', 'CS1231', 'AY18/19', 2, 4.5);
INSERT INTO Enrolls VALUES ('E0000018', 'GER1000');
INSERT INTO Passed VALUES ('E0000018', 'GER1000', 'AY18/19', 1, 4.2);
INSERT INTO Enrolls VALUES ('E0000018', 'CS1010');
INSERT INTO Passed VALUES ('E0000018', 'CS1010', 'AY18/19', 2, 4.1);
INSERT INTO Enrolls VALUES ('E0000018', 'IS2101');
INSERT INTO Passed VALUES ('E0000018', 'IS2101', 'AY18/19', 2, 4.0);
INSERT INTO Enrolls VALUES ('E0000019', 'CS2102');
INSERT INTO Passed VALUES ('E0000019', 'CS2102', 'AY18/19', 1, 4.0);
INSERT INTO Enrolls VALUES ('E0000019', 'MA1521');
INSERT INTO Passed VALUES ('E0000019', 'MA1521', 'AY18/19', 2, 4.5);
INSERT INTO Enrolls VALUES ('E0000019', 'GER1000');
INSERT INTO Passed VALUES ('E0000019', 'GER1000', 'AY18/19', 2, 4.2);
INSERT INTO Enrolls VALUES ('E0000019', 'CS1010');
INSERT INTO Passed VALUES ('E0000019', 'CS1010', 'AY18/19', 1, 4.1);
INSERT INTO Enrolls VALUES ('E0000019', 'IS2101');
INSERT INTO Passed VALUES ('E0000019', 'IS2101', 'AY18/19', 2, 4.0);
INSERT INTO Enrolls VALUES ('E0000020', 'CS2105');
INSERT INTO Passed VALUES ('E0000020', 'CS2105', 'AY18/19', 1, 4.4);
INSERT INTO Enrolls VALUES ('E0000020', 'CS2040');
INSERT INTO Passed VALUES ('E0000020', 'CS2040', 'AY18/19', 2, 4.7);
INSERT INTO Enrolls VALUES ('E0000020', 'GER1000');
INSERT INTO Passed VALUES ('E0000020', 'GER1000', 'AY18/19', 2, 3.8);
INSERT INTO Enrolls VALUES ('E0000020', 'CS1010');
INSERT INTO Passed VALUES ('E0000020', 'CS1010', 'AY18/19', 1, 3.7);
INSERT INTO Enrolls VALUES ('E0000020', 'CS2030');
INSERT INTO Passed VALUES ('E0000020', 'CS2030', 'AY18/19', 2, 4.0);
INSERT INTO Enrolls VALUES ('E0000050', 'CS2105');
INSERT INTO Passed VALUES ('E0000050', 'CS2105', 'AY18/19', 1, 4.5);
INSERT INTO Enrolls VALUES ('E0000050', 'CS2040');
INSERT INTO Passed VALUES ('E0000050', 'CS2040', 'AY18/19', 2, 4.6);
INSERT INTO Enrolls VALUES ('E0000050', 'GER1000');
INSERT INTO Passed VALUES ('E0000050', 'GER1000', 'AY18/19', 2, 4.8);
INSERT INTO Enrolls VALUES ('E0000050', 'IS2101');
INSERT INTO Passed VALUES ('E0000050', 'IS2101', 'AY18/19', 1, 4.7);
INSERT INTO Enrolls VALUES ('E0000050', 'CS2030');
INSERT INTO Passed VALUES ('E0000050', 'CS2030', 'AY18/19', 2, 4.5);
INSERT INTO Enrolls VALUES ('E0000056', 'CS2040');
INSERT INTO Passed VALUES ('E0000056', 'CS2040', 'AY18/19', 2, 4.3);
INSERT INTO Enrolls VALUES ('E0000056', 'GER1000');
INSERT INTO Passed VALUES ('E0000056', 'GER1000', 'AY18/19', 2, 4.5);
INSERT INTO Enrolls VALUES ('E0000056', 'IS2101');
INSERT INTO Passed VALUES ('E0000056', 'IS2101', 'AY18/19', 1, 4.8);
INSERT INTO Enrolls VALUES ('E0000056', 'CS2030');
INSERT INTO Passed VALUES ('E0000056', 'CS2030', 'AY18/19', 2, 4.9);


-- enrolls data
INSERT INTO Enrolls VALUES ('E0000080','CS2030',1,1);
INSERT INTO Enrolls VALUES ('E0000081','CS2030',7);
INSERT INTO Enrolls VALUES ('E0000082','CS2030',3,3);
INSERT INTO Enrolls VALUES ('E0000083','CS2030',5,5);
INSERT INTO Enrolls VALUES ('E0000084','CS2030',8);
INSERT INTO Enrolls VALUES ('E0000085','CS2030',2,2);
INSERT INTO Enrolls VALUES ('E0000086','CS2030',6);
INSERT INTO Enrolls VALUES ('E0000087','CS2030',4,4);
INSERT INTO Enrolls VALUES ('E0000088','CS2030',9);
INSERT INTO Enrolls VALUES ('E0000089','CS2030',10);


INSERT INTO Enrolls VALUES ('E0000080','CS2105',1,1);
INSERT INTO Enrolls VALUES ('E0000081','CS2105',2,2);
INSERT INTO Enrolls VALUES ('E0000082','CS2105',3,3);
INSERT INTO Enrolls VALUES ('E0000083','CS2105',4,4);
INSERT INTO Enrolls VALUES ('E0000084','CS2105',5,5);
INSERT INTO Enrolls VALUES ('E0000085','CS2105',7);
INSERT INTO Enrolls VALUES ('E0000086','CS2105',6);
INSERT INTO Enrolls VALUES ('E0000087','CS2105',8);
INSERT INTO Enrolls VALUES ('E0000088','CS2105',10);
INSERT INTO Enrolls VALUES ('E0000089','CS2105',9);


INSERT INTO Enrolls VALUES ('E0000080','CS1010',1,1);
INSERT INTO Enrolls VALUES ('E0000081','CS1010',2,2);
INSERT INTO Enrolls VALUES ('E0000082','CS1010',9);
INSERT INTO Enrolls VALUES ('E0000083','CS1010',7);
INSERT INTO Enrolls VALUES ('E0000084','CS1010',5,5);
INSERT INTO Enrolls VALUES ('E0000085','CS1010',3,3);
INSERT INTO Enrolls VALUES ('E0000086','CS1010',6);
INSERT INTO Enrolls VALUES ('E0000087','CS1010',8);
INSERT INTO Enrolls VALUES ('E0000088','CS1010',4,4);
INSERT INTO Enrolls VALUES ('E0000089','CS1010',10);


INSERT INTO Enrolls VALUES ('E0000080','IS1103',1,1);
INSERT INTO Enrolls VALUES ('E0000081','IS1103',2,2);
INSERT INTO Enrolls VALUES ('E0000082','IS1103',3,3);
INSERT INTO Enrolls VALUES ('E0000088','IS1103',9);
INSERT INTO Enrolls VALUES ('E0000083','IS1103',4,4);
INSERT INTO Enrolls VALUES ('E0000087','IS1103',8);
INSERT INTO Enrolls VALUES ('E0000084','IS1103',5,5);
INSERT INTO Enrolls VALUES ('E0000086','IS1103',7);
INSERT INTO Enrolls VALUES ('E0000085','IS1103',6);
INSERT INTO Enrolls VALUES ('E0000089','IS1103',10);


INSERT INTO Enrolls VALUES ('E0000080','CS1231',1,1);
INSERT INTO Enrolls VALUES ('E0000084','CS1231',5,5);
INSERT INTO Enrolls VALUES ('E0000083','CS1231',4,4);
INSERT INTO Enrolls VALUES ('E0000082','CS1231',3,3);
INSERT INTO Enrolls VALUES ('E0000085','CS1231',6);
INSERT INTO Enrolls VALUES ('E0000081','CS1231',2,2);
INSERT INTO Enrolls VALUES ('E0000086','CS1231',7);
INSERT INTO Enrolls VALUES ('E0000088','CS1231',9);
INSERT INTO Enrolls VALUES ('E0000087','CS1231',8);
INSERT INTO Enrolls VALUES ('E0000089','CS1231',10);




INSERT INTO Enrolls VALUES ('E000001','CS2102',1,1);
INSERT INTO Enrolls VALUES ('E000002','CS2102',2,2);
INSERT INTO Enrolls VALUES ('E000003','CS2102',3,3);
INSERT INTO Enrolls VALUES ('E000004','CS2102',4,4);
INSERT INTO Enrolls VALUES ('E000005','CS2102',5,5);
INSERT INTO Enrolls VALUES ('E000006','CS2102',6);
INSERT INTO Enrolls VALUES ('E000007','CS2102',7);
INSERT INTO Enrolls VALUES ('E000008','CS2102',8);
INSERT INTO Enrolls VALUES ('E000009','CS2102',9,5);
INSERT INTO Enrolls VALUES ('E0000010','CS2102',10);
INSERT INTO Enrolls VALUES ('E0000011','CS2102',1);
INSERT INTO Enrolls VALUES ('E0000012','CS2102',2,3);
INSERT INTO Enrolls VALUES ('E0000013','CS2102',3);
INSERT INTO Enrolls VALUES ('E0000014','CS2102',4);
INSERT INTO Enrolls VALUES ('E0000015','CS2102',5,1);
INSERT INTO Enrolls VALUES ('E0000016','CS2102',6);
INSERT INTO Enrolls VALUES ('E0000017','CS2102',7);
INSERT INTO Enrolls VALUES ('E0000018','CS2102',8,4);
INSERT INTO Enrolls VALUES ('E0000019','CS2102',9);
INSERT INTO Enrolls VALUES ('E0000020','CS2102',10,2);
INSERT INTO Enrolls VALUES ('E0000021','CS2102',1,1);
INSERT INTO Enrolls VALUES ('E0000022','CS2102',2,2);
INSERT INTO Enrolls VALUES ('E0000023','CS2102',3,3);
INSERT INTO Enrolls VALUES ('E0000024','CS2102',4,4);
INSERT INTO Enrolls VALUES ('E0000025','CS2102',5,5);
INSERT INTO Enrolls VALUES ('E0000026','CS2102',6);
INSERT INTO Enrolls VALUES ('E0000027','CS2102',7);
INSERT INTO Enrolls VALUES ('E0000028','CS2102',8);
INSERT INTO Enrolls VALUES ('E0000029','CS2102',9);
INSERT INTO Enrolls VALUES ('E0000030','CS2102',10);
INSERT INTO Enrolls VALUES ('E0000031','CS2102',1,1);
INSERT INTO Enrolls VALUES ('E0000032','CS2102',2,2);
INSERT INTO Enrolls VALUES ('E0000035','CS2102',5);
INSERT INTO Enrolls VALUES ('E0000033','CS2102',3,3);
INSERT INTO Enrolls VALUES ('E0000034','CS2102',4,4);
INSERT INTO Enrolls VALUES ('E0000036','CS2102',6);
INSERT INTO Enrolls VALUES ('E0000038','CS2102',8,5);
INSERT INTO Enrolls VALUES ('E0000037','CS2102',7);
INSERT INTO Enrolls VALUES ('E0000039','CS2102',9);
INSERT INTO Enrolls VALUES ('E0000040','CS2102',10);
INSERT INTO Enrolls VALUES ('E0000041','CS2102',1,1);
INSERT INTO Enrolls VALUES ('E0000042','CS2102',2,2);
INSERT INTO Enrolls VALUES ('E0000050','CS2102',10);
INSERT INTO Enrolls VALUES ('E0000046','CS2102',6);
INSERT INTO Enrolls VALUES ('E0000043','CS2102',3,3);
INSERT INTO Enrolls VALUES ('E0000048','CS2102',8);
INSERT INTO Enrolls VALUES ('E0000044','CS2102',4,4);
INSERT INTO Enrolls VALUES ('E0000049','CS2102',9);
INSERT INTO Enrolls VALUES ('E0000045','CS2102',5,5);
INSERT INTO Enrolls VALUES ('E0000047','CS2102',7);
INSERT INTO Enrolls VALUES ('E0000051','CS2102',1,1);
INSERT INTO Enrolls VALUES ('E0000057','CS2102',7);
INSERT INTO Enrolls VALUES ('E0000056','CS2102',6);
INSERT INTO Enrolls VALUES ('E0000059','CS2102',9);
INSERT INTO Enrolls VALUES ('E0000052','CS2102',2,2);
INSERT INTO Enrolls VALUES ('E0000058','CS2102',8);
INSERT INTO Enrolls VALUES ('E0000053','CS2102',3,3);
INSERT INTO Enrolls VALUES ('E0000060','CS2102',10);
INSERT INTO Enrolls VALUES ('E0000054','CS2102',4,4);
INSERT INTO Enrolls VALUES ('E0000055','CS2102',5,5);
INSERT INTO Enrolls VALUES ('E0000061','CS2102',1,1);
INSERT INTO Enrolls VALUES ('E0000062','CS2102',2,2);
INSERT INTO Enrolls VALUES ('E0000070','CS2102',10);
INSERT INTO Enrolls VALUES ('E0000063','CS2102',3,3);
INSERT INTO Enrolls VALUES ('E0000069','CS2102',9);
INSERT INTO Enrolls VALUES ('E0000064','CS2102',4,4);
INSERT INTO Enrolls VALUES ('E0000065','CS2102',5,5);
INSERT INTO Enrolls VALUES ('E0000067','CS2102',7);
INSERT INTO Enrolls VALUES ('E0000068','CS2102',8);
INSERT INTO Enrolls VALUES ('E0000066','CS2102',6);


INSERT INTO Enrolls VALUES ('E0000061','GER1000',1,1);
INSERT INTO Enrolls VALUES ('E0000068','GER1000',8);
INSERT INTO Enrolls VALUES ('E0000067','GER1000',7);
INSERT INTO Enrolls VALUES ('E0000064','GER1000',4,4);
INSERT INTO Enrolls VALUES ('E0000065','GER1000',5,5);
INSERT INTO Enrolls VALUES ('E0000069','GER1000',9);
INSERT INTO Enrolls VALUES ('E0000062','GER1000',2,2);
INSERT INTO Enrolls VALUES ('E0000070','GER1000',10);
INSERT INTO Enrolls VALUES ('E0000063','GER1000',3,3);
INSERT INTO Enrolls VALUES ('E0000066','GER1000',6);
INSERT INTO Enrolls VALUES ('E0000051','GER1000',1,1);
INSERT INTO Enrolls VALUES ('E0000052','GER1000',2,2);
INSERT INTO Enrolls VALUES ('E0000058','GER1000',8);
INSERT INTO Enrolls VALUES ('E0000059','GER1000',9);
INSERT INTO Enrolls VALUES ('E0000053','GER1000',3,3);
INSERT INTO Enrolls VALUES ('E0000054','GER1000',4,4);
INSERT INTO Enrolls VALUES ('E0000060','GER1000',10);
INSERT INTO Enrolls VALUES ('E0000055','GER1000',5,5);
INSERT INTO Enrolls VALUES ('E0000056','GER1000',6);
INSERT INTO Enrolls VALUES ('E0000057','GER1000',7);
INSERT INTO Enrolls VALUES ('E0000041','GER1000',1,1);
INSERT INTO Enrolls VALUES ('E0000045','GER1000',5,5);
INSERT INTO Enrolls VALUES ('E0000048','GER1000',8);
INSERT INTO Enrolls VALUES ('E0000049','GER1000',9);
INSERT INTO Enrolls VALUES ('E0000042','GER1000',2,2);
INSERT INTO Enrolls VALUES ('E0000043','GER1000',3,3);
INSERT INTO Enrolls VALUES ('E0000046','GER1000',6);
INSERT INTO Enrolls VALUES ('E0000044','GER1000',4,4);
INSERT INTO Enrolls VALUES ('E0000047','GER1000',7);
INSERT INTO Enrolls VALUES ('E0000050','GER1000',10);
INSERT INTO Enrolls VALUES ('E0000031','GER1000',1,1);
INSERT INTO Enrolls VALUES ('E0000033','GER1000',3,3);
INSERT INTO Enrolls VALUES ('E0000036','GER1000',6);
INSERT INTO Enrolls VALUES ('E0000039','GER1000',9);
INSERT INTO Enrolls VALUES ('E0000032','GER1000',2,2);
INSERT INTO Enrolls VALUES ('E0000034','GER1000',4,4);
INSERT INTO Enrolls VALUES ('E0000035','GER1000',5,5);
INSERT INTO Enrolls VALUES ('E0000037','GER1000',7);
INSERT INTO Enrolls VALUES ('E0000038','GER1000',8);
INSERT INTO Enrolls VALUES ('E0000040','GER1000',10);
INSERT INTO Enrolls VALUES ('E0000021','GER1000',1,1);
INSERT INTO Enrolls VALUES ('E0000022','GER1000',2,2);
INSERT INTO Enrolls VALUES ('E0000030','GER1000',10);
INSERT INTO Enrolls VALUES ('E0000025','GER1000',5,5);
INSERT INTO Enrolls VALUES ('E0000028','GER1000',8);
INSERT INTO Enrolls VALUES ('E0000029','GER1000',9);
INSERT INTO Enrolls VALUES ('E0000023','GER1000',3,3);
INSERT INTO Enrolls VALUES ('E0000026','GER1000',6);
INSERT INTO Enrolls VALUES ('E0000027','GER1000',7);
INSERT INTO Enrolls VALUES ('E0000024','GER1000',4,4);
INSERT INTO Enrolls VALUES ('E0000011','GER1000',1,1);
INSERT INTO Enrolls VALUES ('E0000012','GER1000',2,2);
INSERT INTO Enrolls VALUES ('E0000013','GER1000',3,3);
INSERT INTO Enrolls VALUES ('E0000014','GER1000',4,4);
INSERT INTO Enrolls VALUES ('E0000017','GER1000',7);
INSERT INTO Enrolls VALUES ('E0000019','GER1000',9);
INSERT INTO Enrolls VALUES ('E0000015','GER1000',5,5);
INSERT INTO Enrolls VALUES ('E0000020','GER1000',10);
INSERT INTO Enrolls VALUES ('E0000016','GER1000',6);
INSERT INTO Enrolls VALUES ('E0000018','GER1000',8);
INSERT INTO Enrolls VALUES ('E000001','GER1000',1,1);
INSERT INTO Enrolls VALUES ('E000009','GER1000',9);
INSERT INTO Enrolls VALUES ('E000006','GER1000',6);
INSERT INTO Enrolls VALUES ('E000007','GER1000',7);
INSERT INTO Enrolls VALUES ('E000004','GER1000',4,4);
INSERT INTO Enrolls VALUES ('E000008','GER1000',8);
INSERT INTO Enrolls VALUES ('E000002','GER1000',2,2);
INSERT INTO Enrolls VALUES ('E0000010','GER1000',10);
INSERT INTO Enrolls VALUES ('E000003','GER1000',3,3);
INSERT INTO Enrolls VALUES ('E000005','GER1000',5,5);


INSERT INTO Enrolls VALUES ('E000001','CS2040',1,1);
INSERT INTO Enrolls VALUES ('E000006','CS2040',6);
INSERT INTO Enrolls VALUES ('E000005','CS2040',5,5);
INSERT INTO Enrolls VALUES ('E000007','CS2040',7);
INSERT INTO Enrolls VALUES ('E000008','CS2040',8);
INSERT INTO Enrolls VALUES ('E000009','CS2040',9);
INSERT INTO Enrolls VALUES ('E000002','CS2040',2,2);
INSERT INTO Enrolls VALUES ('E000003','CS2040',3,3);
INSERT INTO Enrolls VALUES ('E0000010','CS2040',10);
INSERT INTO Enrolls VALUES ('E000004','CS2040',4,4);
INSERT INTO Enrolls VALUES ('E0000011','CS2040',1,1);
INSERT INTO Enrolls VALUES ('E0000020','CS2040',10);
INSERT INTO Enrolls VALUES ('E0000012','CS2040',2,2);
INSERT INTO Enrolls VALUES ('E0000019','CS2040',9);
INSERT INTO Enrolls VALUES ('E0000013','CS2040',3,3);
INSERT INTO Enrolls VALUES ('E0000018','CS2040',8);
INSERT INTO Enrolls VALUES ('E0000014','CS2040',4,4);
INSERT INTO Enrolls VALUES ('E0000015','CS2040',5,5);
INSERT INTO Enrolls VALUES ('E0000016','CS2040',6);
INSERT INTO Enrolls VALUES ('E0000017','CS2040',7);
INSERT INTO Enrolls VALUES ('E0000021','CS2040',1,1);
INSERT INTO Enrolls VALUES ('E0000027','CS2040',7);
INSERT INTO Enrolls VALUES ('E0000026','CS2040',6);
INSERT INTO Enrolls VALUES ('E0000025','CS2040',5,5);
INSERT INTO Enrolls VALUES ('E0000030','CS2040',10);
INSERT INTO Enrolls VALUES ('E0000022','CS2040',2,2);
INSERT INTO Enrolls VALUES ('E0000023','CS2040',3,3);
INSERT INTO Enrolls VALUES ('E0000028','CS2040',8);
INSERT INTO Enrolls VALUES ('E0000024','CS2040',4,4);
INSERT INTO Enrolls VALUES ('E0000029','CS2040',9);
INSERT INTO Enrolls VALUES ('E0000031','CS2040',1,1);
INSERT INTO Enrolls VALUES ('E0000039','CS2040',9);
INSERT INTO Enrolls VALUES ('E0000035','CS2040',5,5);
INSERT INTO Enrolls VALUES ('E0000036','CS2040',6);
INSERT INTO Enrolls VALUES ('E0000033','CS2040',3,3);
INSERT INTO Enrolls VALUES ('E0000040','CS2040',10);
INSERT INTO Enrolls VALUES ('E0000034','CS2040',4,4);
INSERT INTO Enrolls VALUES ('E0000037','CS2040',7);
INSERT INTO Enrolls VALUES ('E0000032','CS2040',2,2);
INSERT INTO Enrolls VALUES ('E0000038','CS2040',8);
INSERT INTO Enrolls VALUES ('E0000041','CS2040',1,1);
INSERT INTO Enrolls VALUES ('E0000042','CS2040',2,2);
INSERT INTO Enrolls VALUES ('E0000050','CS2040',10);
INSERT INTO Enrolls VALUES ('E0000043','CS2040',3,3);
INSERT INTO Enrolls VALUES ('E0000045','CS2040',5,5);
INSERT INTO Enrolls VALUES ('E0000049','CS2040',9);
INSERT INTO Enrolls VALUES ('E0000044','CS2040',4,4);
INSERT INTO Enrolls VALUES ('E0000046','CS2040',6);
INSERT INTO Enrolls VALUES ('E0000048','CS2040',8);
INSERT INTO Enrolls VALUES ('E0000047','CS2040',7);
INSERT INTO Enrolls VALUES ('E0000051','CS2040',1,1);
INSERT INTO Enrolls VALUES ('E0000055','CS2040',5,5);
INSERT INTO Enrolls VALUES ('E0000056','CS2040',6);
INSERT INTO Enrolls VALUES ('E0000054','CS2040',4,4);
INSERT INTO Enrolls VALUES ('E0000057','CS2040',7);
INSERT INTO Enrolls VALUES ('E0000053','CS2040',3,3);
INSERT INTO Enrolls VALUES ('E0000058','CS2040',8);
INSERT INTO Enrolls VALUES ('E0000052','CS2040',2,2);
INSERT INTO Enrolls VALUES ('E0000060','CS2040',10);
INSERT INTO Enrolls VALUES ('E0000059','CS2040',9);
INSERT INTO Enrolls VALUES ('E0000061','CS2040',1,1);
INSERT INTO Enrolls VALUES ('E0000066','CS2040',6);
INSERT INTO Enrolls VALUES ('E0000067','CS2040',7);
INSERT INTO Enrolls VALUES ('E0000062','CS2040',2,2);
INSERT INTO Enrolls VALUES ('E0000068','CS2040',8);
INSERT INTO Enrolls VALUES ('E0000065','CS2040',5,5);
INSERT INTO Enrolls VALUES ('E0000063','CS2040',3,3);
INSERT INTO Enrolls VALUES ('E0000069','CS2040',9);
INSERT INTO Enrolls VALUES ('E0000064','CS2040',4,4);
INSERT INTO Enrolls VALUES ('E0000070','CS2040',10);

INSERT INTO Enrolls VALUES ('E0000030','MA1521',1,1);
INSERT INTO Enrolls VALUES ('E0000031','MA1521',6);
INSERT INTO Enrolls VALUES ('E0000032','MA1521',7);
INSERT INTO Enrolls VALUES ('E0000033','MA1521',8);
INSERT INTO Enrolls VALUES ('E0000034','MA1521',2,2);
INSERT INTO Enrolls VALUES ('E0000035','MA1521',5,5);
INSERT INTO Enrolls VALUES ('E0000036','MA1521',9);
INSERT INTO Enrolls VALUES ('E0000037','MA1521',4,4);
INSERT INTO Enrolls VALUES ('E0000038','MA1521',10);
INSERT INTO Enrolls VALUES ('E0000039','MA1521',3,3);
INSERT INTO Enrolls VALUES ('E0000040','MA1521',1,1);
INSERT INTO Enrolls VALUES ('E0000092','MA1521',5,5);
INSERT INTO Enrolls VALUES ('E0000093','MA1521',6);
INSERT INTO Enrolls VALUES ('E0000094','MA1521',4,4);
INSERT INTO Enrolls VALUES ('E0000095','MA1521',7);
INSERT INTO Enrolls VALUES ('E00000100','MA1521',9);
INSERT INTO Enrolls VALUES ('E0000097','MA1521',2,2);
INSERT INTO Enrolls VALUES ('E0000053','MA1521',3,3);
INSERT INTO Enrolls VALUES ('E0000058','MA1521',8);
INSERT INTO Enrolls VALUES ('E0000041','MA1521',1,1);
INSERT INTO Enrolls VALUES ('E0000044','MA1521',4,4);
INSERT INTO Enrolls VALUES ('E0000045','MA1521',5,5);
INSERT INTO Enrolls VALUES ('E0000043','MA1521',3,3);
INSERT INTO Enrolls VALUES ('E0000046','MA1521',6);
INSERT INTO Enrolls VALUES ('E0000048','MA1521',8);
INSERT INTO Enrolls VALUES ('E0000049','MA1521',9);
INSERT INTO Enrolls VALUES ('E0000042','MA1521',2,2);
INSERT INTO Enrolls VALUES ('E0000047','MA1521',7);
INSERT INTO Enrolls VALUES ('E0000050','MA1521',10);
INSERT INTO Enrolls VALUES ('E0000051','MA1521',1,1);
INSERT INTO Enrolls VALUES ('E0000056','MA1521',6);
INSERT INTO Enrolls VALUES ('E0000055','MA1521',5,5);
INSERT INTO Enrolls VALUES ('E0000059','MA1521',9);
INSERT INTO Enrolls VALUES ('E0000052','MA1521',2,2);
INSERT INTO Enrolls VALUES ('E0000057','MA1521',7);
INSERT INTO Enrolls VALUES ('E0000054','MA1521',4,4);
INSERT INTO Enrolls VALUES ('E0000060','MA1521',10);
INSERT INTO Enrolls VALUES ('E0000061','MA1521',1,1);
INSERT INTO Enrolls VALUES ('E0000067','MA1521',7);
INSERT INTO Enrolls VALUES ('E0000066','MA1521',6);
INSERT INTO Enrolls VALUES ('E0000062','MA1521',2,2);
INSERT INTO Enrolls VALUES ('E0000068','MA1521',8);
INSERT INTO Enrolls VALUES ('E0000063','MA1521',3,3);
INSERT INTO Enrolls VALUES ('E0000064','MA1521',4,4);
INSERT INTO Enrolls VALUES ('E0000069','MA1521',9);
INSERT INTO Enrolls VALUES ('E0000065','MA1521',5,5);
INSERT INTO Enrolls VALUES ('E0000070','MA1521',10);


INSERT INTO Enrolls VALUES ('E0000061','IS2101',1,1);
INSERT INTO Enrolls VALUES ('E0000068','IS2101',8);
INSERT INTO Enrolls VALUES ('E0000064','IS2101',4,4);
INSERT INTO Enrolls VALUES ('E0000063','IS2101',3,3);
INSERT INTO Enrolls VALUES ('E0000066','IS2101',6);
INSERT INTO Enrolls VALUES ('E0000067','IS2101',7);
INSERT INTO Enrolls VALUES ('E0000065','IS2101',5,5);
INSERT INTO Enrolls VALUES ('E0000062','IS2101',2,2);
INSERT INTO Enrolls VALUES ('E0000069','IS2101',9);
INSERT INTO Enrolls VALUES ('E0000070','IS2101',10);
INSERT INTO Enrolls VALUES ('E0000051','IS2101',1,1);
INSERT INTO Enrolls VALUES ('E0000060','IS2101',10);
INSERT INTO Enrolls VALUES ('E0000059','IS2101',9);
INSERT INTO Enrolls VALUES ('E0000054','IS2101',4,4);
INSERT INTO Enrolls VALUES ('E0000055','IS2101',5,5);
INSERT INTO Enrolls VALUES ('E0000057','IS2101',7);
INSERT INTO Enrolls VALUES ('E0000052','IS2101',2,2);
INSERT INTO Enrolls VALUES ('E0000058','IS2101',8);
INSERT INTO Enrolls VALUES ('E0000053','IS2101',3,3);
INSERT INTO Enrolls VALUES ('E0000056','IS2101',6);
INSERT INTO Enrolls VALUES ('E0000041','IS2101',1,1);
INSERT INTO Enrolls VALUES ('E0000046','IS2101',6);
INSERT INTO Enrolls VALUES ('E0000045','IS2101',5,5);
INSERT INTO Enrolls VALUES ('E0000044','IS2101',4,4);
INSERT INTO Enrolls VALUES ('E0000047','IS2101',7);
INSERT INTO Enrolls VALUES ('E0000048','IS2101',8);
INSERT INTO Enrolls VALUES ('E0000042','IS2101',2,2);
INSERT INTO Enrolls VALUES ('E0000049','IS2101',9);
INSERT INTO Enrolls VALUES ('E0000043','IS2101',3,3);
INSERT INTO Enrolls VALUES ('E0000050','IS2101',10);
INSERT INTO Enrolls VALUES ('E0000031','IS2101',1,1);
INSERT INTO Enrolls VALUES ('E0000035','IS2101',5,5);
INSERT INTO Enrolls VALUES ('E0000040','IS2101',10);
INSERT INTO Enrolls VALUES ('E0000038','IS2101',8);
INSERT INTO Enrolls VALUES ('E0000039','IS2101',9);
INSERT INTO Enrolls VALUES ('E0000032','IS2101',2,2);
INSERT INTO Enrolls VALUES ('E0000036','IS2101',6);
INSERT INTO Enrolls VALUES ('E0000033','IS2101',3,3);
INSERT INTO Enrolls VALUES ('E0000034','IS2101',4,4);
INSERT INTO Enrolls VALUES ('E0000037','IS2101',7);
INSERT INTO Enrolls VALUES ('E0000021','IS2101',1,1);
INSERT INTO Enrolls VALUES ('E0000029','IS2101',9);
INSERT INTO Enrolls VALUES ('E0000028','IS2101',8);
INSERT INTO Enrolls VALUES ('E0000025','IS2101',5,5);
INSERT INTO Enrolls VALUES ('E0000022','IS2101',2,2);
INSERT INTO Enrolls VALUES ('E0000023','IS2101',3,3);
INSERT INTO Enrolls VALUES ('E0000030','IS2101',10);
INSERT INTO Enrolls VALUES ('E0000024','IS2101',4,4);
INSERT INTO Enrolls VALUES ('E0000026','IS2101',6);
INSERT INTO Enrolls VALUES ('E0000027','IS2101',7);
INSERT INTO Enrolls VALUES ('E0000011','IS2101',1,1);
INSERT INTO Enrolls VALUES ('E0000018','IS2101',8);
INSERT INTO Enrolls VALUES ('E0000019','IS2101',9);
INSERT INTO Enrolls VALUES ('E0000015','IS2101',5,5);
INSERT INTO Enrolls VALUES ('E0000017','IS2101',7);
INSERT INTO Enrolls VALUES ('E0000016','IS2101',6);
INSERT INTO Enrolls VALUES ('E0000012','IS2101',2,2);
INSERT INTO Enrolls VALUES ('E0000013','IS2101',3,3);
INSERT INTO Enrolls VALUES ('E0000020','IS2101',10);
INSERT INTO Enrolls VALUES ('E0000014','IS2101',4,4);
INSERT INTO Enrolls VALUES ('E000001','IS2101',1,1);
INSERT INTO Enrolls VALUES ('E0000010','IS2101',10);
INSERT INTO Enrolls VALUES ('E000005','IS2101',5,5);
INSERT INTO Enrolls VALUES ('E000008','IS2101',8);
INSERT INTO Enrolls VALUES ('E000002','IS2101',2,2);
INSERT INTO Enrolls VALUES ('E000009','IS2101',9);
INSERT INTO Enrolls VALUES ('E000003','IS2101',3,3);
INSERT INTO Enrolls VALUES ('E000004','IS2101',4,4);
INSERT INTO Enrolls VALUES ('E000006','IS2101',6);
INSERT INTO Enrolls VALUES ('E000007','IS2101',7);


-- tutors data
INSERT INTO Tutors VALUES ('E0000016', 'IS1103', 1);
INSERT INTO Tutors VALUES ('E0000016', 'IS2101', 2);
INSERT INTO Tutors VALUES ('E0000016', 'CS2102', 3);
INSERT INTO Tutors VALUES ('E0000016', 'CS2030', 4);
INSERT INTO Tutors VALUES ('E0000017', 'MA1521', 5);
INSERT INTO Tutors VALUES ('E0000018', 'CS1231', 6);
INSERT INTO Tutors VALUES ('E0000020', 'CS2040', 7);
INSERT INTO Tutors VALUES ('E0000050', 'GER1000', 10);
INSERT INTO Tutors VALUES ('E0000050', 'CS2030', 8);
INSERT INTO Tutors VALUES ('E0000050', 'IS2101', 9);
INSERT INTO Tutors VALUES ('E0000056', 'GER1000', 5);
INSERT INTO Tutors VALUES ('E0000056', 'CS2030', 3);
INSERT INTO Tutors VALUES ('E0000056', 'IS2101', 6);

-- requests data
INSERT INTO Requests VALUES ('E0000071', 'CS2102', '2019-8-14 15:00:00');
INSERT INTO Requests VALUES ('E0000072', 'CS2040', '2019-8-13 10:00:00');
INSERT INTO Requests VALUES ('E0000073', 'MA1521', '2019-8-12 11:00:00');
INSERT INTO Requests VALUES ('E0000075', 'CS2102', '2019-8-14 16:00:00');
INSERT INTO Requests VALUES ('E0000077', 'CS2040', '2019-8-16 20:00:00');
INSERT INTO Requests VALUES ('E0000078', 'MA1521', '2019-8-10 08:00:00');
INSERT INTO Requests VALUES ('E0000079', 'CS2102', '2019-8-12 14:00:00');
INSERT INTO Requests VALUES ('E0000080', 'CS2040', '2019-8-13 09:00:00');
INSERT INTO Requests VALUES ('E0000081', 'MA1521', '2019-8-13 09:30:00');
INSERT INTO Requests VALUES ('E0000085', 'CS2040', '2019-8-11 17:00:00');
INSERT INTO Requests VALUES ('E0000080', 'GER1000', '2019-6-11 20:35:00');
INSERT INTO Requests VALUES ('E00000100', 'GER1000', '2019-6-11 21:35:00');
INSERT INTO Requests VALUES ('E0000087', 'CS2102', '2019-10-11 18:30:00');
INSERT INTO Requests VALUES ('E0000088', 'GER1000', '2019-8-11 19:30:00');
INSERT INTO Requests VALUES ('E0000092', 'IS2101', '2019-7-11 20:30:00');

-- forums data
INSERT INTO Forums VALUES ('CS2102', 'Lectures');
INSERT INTO Forums VALUES ('CS2102', 'Tutorials');
INSERT INTO Forums VALUES ('CS2102', 'General');
INSERT INTO Forums VALUES ('CS2030', 'Lectures');
INSERT INTO Forums VALUES ('CS2030', 'Tutorials');
INSERT INTO Forums VALUES ('CS2030', 'General');
INSERT INTO Forums VALUES ('CS2040', 'Lectures');
INSERT INTO Forums VALUES ('CS2040', 'Tutorials');
INSERT INTO Forums VALUES ('CS2040', 'General');
INSERT INTO Forums VALUES ('MA1521', 'Lectures');
INSERT INTO Forums VALUES ('MA1521', 'Tutorials');
INSERT INTO Forums VALUES ('MA1521', 'General');
INSERT INTO Forums VALUES ('GER1000', 'Lectures');
INSERT INTO Forums VALUES ('GER1000', 'Tutorials');
INSERT INTO Forums VALUES ('GER1000', 'General');

-- threads data
INSERT INTO Threads VALUES ('CS2102', 'Lectures', 'Clarification on Lecture 8', 'E0000014', '2019-9-10 15:00:00');
INSERT INTO Threads VALUES ('CS2102', 'Lectures', 'Clarification on Lecture 9', 'E0000010', '2019-9-11 10:00:00');
INSERT INTO Threads VALUES ('CS2102', 'Lectures', 'Clarification on Lecture 10', 'E0000011', '2019-9-12 12:00:00');
INSERT INTO Threads VALUES ('CS2102', 'Tutorials', 'Tutorial 1 Question 10', 'E0000010', '2019-9-10 15:00:00');
INSERT INTO Threads VALUES ('CS2102', 'Tutorials', 'Tutorial 2 Question 5', 'E0000011', '2019-9-11 10:00:00');
INSERT INTO Threads VALUES ('CS2102', 'Tutorials', 'Tutorial 3 Question 3', 'E0000014', '2019-9-12 12:00:00');
INSERT INTO Threads VALUES ('CS2102', 'General', 'How to use Postgresql', 'E0000014', '2019-9-10 15:00:00');
INSERT INTO Threads VALUES ('CS2102', 'General', 'Hello everyone', 'E0000010', '2019-9-11 10:00:00');
INSERT INTO Threads VALUES ('CS2102', 'General', 'Testing thread creation', 'E0000011', '2019-9-12 12:00:00');
INSERT INTO Threads VALUES ('CS2030', 'Lectures', 'Clarification on Lecture 8', 'E000001', '2019-9-10 15:00:00');
INSERT INTO Threads VALUES ('CS2030', 'Lectures', 'Clarification on Lecture 9', 'E000002', '2019-9-11 10:00:00');
INSERT INTO Threads VALUES ('CS2030', 'Lectures', 'Clarification on Lecture 10', 'E000003', '2019-9-12 12:00:00');
INSERT INTO Threads VALUES ('CS2030', 'Tutorials', 'Tutorial 1 Question 10', 'E000001', '2019-9-10 15:00:00');
INSERT INTO Threads VALUES ('CS2030', 'Tutorials', 'Tutorial 2 Question 5', 'E000002', '2019-9-11 10:00:00');
INSERT INTO Threads VALUES ('CS2030', 'Tutorials', 'Tutorial 3 Question 3', 'E000003', '2019-9-12 12:00:00');
INSERT INTO Threads VALUES ('CS2030', 'General', 'How to use Postgresql', 'E000001', '2019-9-10 15:00:00');
INSERT INTO Threads VALUES ('CS2030', 'General', 'Hello everyone', 'E000002', '2019-9-11 10:00:00');
INSERT INTO Threads VALUES ('CS2030', 'General', 'Testing thread creation', 'E000003', '2019-9-12 12:00:00');
INSERT INTO Threads VALUES ('CS2040', 'Lectures', 'Clarification on Lecture 8', 'E000001', '2019-9-10 15:00:00');
INSERT INTO Threads VALUES ('CS2040', 'Lectures', 'Clarification on Lecture 9', 'E000002', '2019-9-11 10:00:00');
INSERT INTO Threads VALUES ('CS2040', 'Lectures', 'Clarification on Lecture 10', 'E000003', '2019-9-12 12:00:00');
INSERT INTO Threads VALUES ('CS2040', 'Tutorials', 'Tutorial 1 Question 10', 'E000001', '2019-9-10 15:00:00');
INSERT INTO Threads VALUES ('CS2040', 'Tutorials', 'Tutorial 2 Question 5', 'E000002', '2019-9-11 10:00:00');
INSERT INTO Threads VALUES ('CS2040', 'Tutorials', 'Tutorial 3 Question 3', 'E000003', '2019-9-12 12:00:00');
INSERT INTO Threads VALUES ('CS2040', 'General', 'How to use Postgresql', 'E000001', '2019-9-10 15:00:00');
INSERT INTO Threads VALUES ('CS2040', 'General', 'Hello everyone', 'E000002', '2019-9-11 10:00:00');
INSERT INTO Threads VALUES ('CS2040', 'General', 'Testing thread creation', 'E000003', '2019-9-12 12:00:00');

-- posts data
INSERT INTO Posts VALUES ('CS2102', 'Lectures', 'Clarification on Lecture 8', 'What does Slide 15 mean?', '1', '2019-9-15 14:00:00', 'E000001');
INSERT INTO Posts VALUES ('CS2102', 'Lectures', 'Clarification on Lecture 8', 'I think it means this', '2', '2019-9-15 14:30:00', 'E000002');
INSERT INTO Posts VALUES ('CS2102', 'Lectures', 'Clarification on Lecture 8', 'I agree with what the guy above said', '3', '2019-9-15 15:00:00', 'E000003');
INSERT INTO Posts VALUES ('CS2102', 'Lectures', 'Clarification on Lecture 9', 'What does Slide 10 mean?', '1', '2019-9-15 14:00:00', 'E000001');
INSERT INTO Posts VALUES ('CS2102', 'Lectures', 'Clarification on Lecture 9', 'I think it means this', '2', '2019-9-15 14:30:00', 'E000002');
INSERT INTO Posts VALUES ('CS2102', 'Lectures', 'Clarification on Lecture 9', 'I agree with what the guy above said', '3', '2019-9-15 15:00:00', 'E000003');
INSERT INTO Posts VALUES ('CS2102', 'Lectures', 'Clarification on Lecture 10', 'What does Slide 26 mean?', '1', '2019-9-15 14:00:00', 'E000001');
INSERT INTO Posts VALUES ('CS2102', 'Lectures', 'Clarification on Lecture 10', 'I think it means this', '2', '2019-9-15 14:30:00', 'E000002');
INSERT INTO Posts VALUES ('CS2102', 'Lectures', 'Clarification on Lecture 10', 'I agree with what the guy above said', '3', '2019-9-15 15:00:00', 'E000003');
INSERT INTO Posts VALUES ('CS2102', 'Tutorials', 'Tutorial 1 Question 10', 'How to do this question?', '1', '2019-9-15 14:00:00', 'E000001');
INSERT INTO Posts VALUES ('CS2102', 'Tutorials', 'Tutorial 1 Question 10', 'I think you do it like this', '2', '2019-9-15 14:30:00', 'E000002');
INSERT INTO Posts VALUES ('CS2102', 'Tutorials', 'Tutorial 1 Question 10', 'I agree with what the guy above said', '3', '2019-9-15 15:00:00', 'E000003');
INSERT INTO Posts VALUES ('CS2102', 'Tutorials', 'Tutorial 2 Question 5', 'How to do this question?', '1', '2019-9-15 14:00:00', 'E000001');
INSERT INTO Posts VALUES ('CS2102', 'Tutorials', 'Tutorial 2 Question 5', 'I think you do it like this', '2', '2019-9-15 14:30:00', 'E000002');
INSERT INTO Posts VALUES ('CS2102', 'Tutorials', 'Tutorial 2 Question 5', 'I agree with what the guy above said', '3', '2019-9-15 15:00:00', 'E000003');
INSERT INTO Posts VALUES ('CS2102', 'Tutorials', 'Tutorial 3 Question 3', 'How to do this question?', '1', '2019-9-15 14:00:00', 'E000001');
INSERT INTO Posts VALUES ('CS2102', 'Tutorials', 'Tutorial 3 Question 3', 'I think you do it like this', '2', '2019-9-15 14:30:00', 'E000002');
INSERT INTO Posts VALUES ('CS2102', 'Tutorials', 'Tutorial 3 Question 3', 'I agree with what the guy above said', '3', '2019-9-15 15:00:00', 'E000003');
INSERT INTO Posts VALUES ('CS2102', 'General', 'How to use Postgresql', 'How to use?', '1', '2019-9-15 14:00:00', 'E000001');
INSERT INTO Posts VALUES ('CS2102', 'General', 'How to use Postgresql', 'Read this guide', '2', '2019-9-15 14:30:00', 'E000002');
INSERT INTO Posts VALUES ('CS2102', 'General', 'How to use Postgresql', 'I agree with what the guy above said', '3', '2019-9-15 15:00:00', 'E000003');
INSERT INTO Posts VALUES ('CS2102', 'General', 'Hello everyone', 'Hello to you', '1', '2019-9-15 14:00:00', 'E000001');
INSERT INTO Posts VALUES ('CS2102', 'General', 'Hello everyone', 'Hello to you too', '2', '2019-9-15 14:30:00', 'E000002');
INSERT INTO Posts VALUES ('CS2102', 'General', 'Hello everyone', 'Hello world', '3', '2019-9-15 15:00:00', 'E0000003');
INSERT INTO Posts VALUES ('CS2102', 'General', 'Testing thread creation', 'Created for fun to try', '1', '2019-9-15 14:00:00', 'E0000001');
INSERT INTO Posts VALUES ('CS2102', 'General', 'Testing thread creation', 'Was it fun?', '2', '2019-9-15 14:30:00', 'E0000002');
INSERT INTO Posts VALUES ('CS2102', 'General', 'Testing thread creation', 'Sounds pretty fun', '3', '2019-9-15 15:00:00', 'E0000003');
INSERT INTO Posts VALUES ('CS2040','General','Hello everyone','Hey there!','1','2019-09-15 10:33:54','E0000031'),('CS2040','General','Hello everyone','Hey there!','2','2019-09-14 06:20:20','E0000032'),('CS2040','General','Hello everyone','Hey there!','3','2019-09-11 16:02:06','E0000033'),('CS2040','General','Hello everyone','Hey there!','4','2019-09-13 01:54:39','E0000034'),('CS2040','General','Hello everyone','Hey there!','5','2019-09-13 21:34:24','E0000035'),('CS2040','General','Hello everyone','Hey there!','6','2019-09-14 18:42:04','E0000036'),('CS2040','General','Hello everyone','Hey there!','7','2019-09-15 03:05:37','E0000037'),('CS2040','General','Hello everyone','Hey there!','8','2019-09-13 01:56:33','E0000038'),('CS2040','General','Hello everyone','Hey there!','9','2019-09-14 08:44:59','E0000039'),('CS2040','General','Hello everyone','Hey there!','10','2019-09-14 07:09:31','E0000040'),('CS2040','General','Hello everyone','Hey there!','11','2019-09-15 06:18:57','E0000041'),('CS2040','General','Hello everyone','Hey there!','12','2019-09-11 21:37:31','E0000042'),('CS2040','General','Hello everyone','Hey there!','13','2019-09-14 05:37:15','E0000043'),('CS2040','General','Hello everyone','Hey there!','14','2019-09-11 15:02:45','E0000044'),('CS2040','General','Hello everyone','Hey there!','15','2019-09-13 09:23:34','E0000045'),('CS2040','General','Hello everyone','Hey there!','16','2019-09-14 20:34:43','E0000046'),('CS2040','General','Hello everyone','Hey there!','17','2019-09-13 21:09:28','E0000047'),('CS2040','General','Hello everyone','Hey there!','18','2019-09-15 02:11:24','E0000048'),('CS2040','General','Hello everyone','Hey there!','19','2019-09-15 03:03:55','E0000049'),('CS2040','General','Hello everyone','Hey there!','20','2019-09-14 10:21:25','E0000050'),('CS2040','General','Hello everyone','Hey there!','21','2019-09-11 16:49:04','E0000051'),('CS2040','General','Hello everyone','Hey there!','22','2019-09-15 13:33:30','E0000052'),('CS2040','General','Hello everyone','Hey there!','23','2019-09-13 22:21:05','E0000053'),('CS2040','General','Hello everyone','Hey there!','24','2019-09-14 04:04:47','E0000054'),('CS2040','General','Hello everyone','Hey there!','25','2019-09-13 06:59:38','E0000055'),('CS2040','General','Hello everyone','Hey there!','26','2019-09-14 12:01:36','E0000056'),('CS2040','General','Hello everyone','Hey there!','27','2019-09-14 10:26:25','E0000057'),('CS2040','General','Hello everyone','Hey there!','28','2019-09-14 12:21:39','E0000058'),('CS2040','General','Hello everyone','Hey there!','29','2019-09-12 20:44:40','E0000059'),('CS2040','General','Hello everyone','Hey there!','30','2019-09-11 09:37:14','E0000060'),('CS2040','General','Hello everyone','Hey there!','31','2019-09-15 00:45:52','E0000061'),('CS2040','General','Hello everyone','Hey there!','32','2019-09-11 01:40:19','E0000062'),('CS2040','General','Hello everyone','Hey there!','33','2019-09-14 18:22:48','E0000063'),('CS2040','General','Hello everyone','Hey there!','34','2019-09-11 22:24:43','E0000064'),('CS2040','General','Hello everyone','Hey there!','35','2019-09-12 19:33:16','E0000065'),('CS2040','General','Hello everyone','Hey there!','36','2019-09-15 12:22:37','E0000066'),('CS2040','General','Hello everyone','Hey there!','37','2019-09-13 01:57:47','E0000067'),('CS2040','General','Hello everyone','Hey there!','38','2019-09-13 08:38:42','E0000068'),('CS2040','General','Hello everyone','Hey there!','39','2019-09-12 05:41:54','E0000069'),('CS2040','General','Hello everyone','Hey there!','40','2019-09-15 20:16:06','E0000070'),('CS2040','General','Hello everyone','Hey there!','41','2019-09-13 20:02:36','E0000071'),('CS2040','General','Hello everyone','Hey there!','42','2019-09-12 07:35:55','E0000072'),('CS2040','General','Hello everyone','Hey there!','43','2019-09-15 14:51:22','E0000073'),('CS2040','General','Hello everyone','Hey there!','44','2019-09-15 09:34:44','E0000074'),('CS2040','General','Hello everyone','Hey there!','45','2019-09-15 06:32:37','E0000075'),('CS2040','General','Hello everyone','Hey there!','46','2019-09-12 07:43:23','E0000076'),('CS2040','General','Hello everyone','Hey there!','47','2019-09-15 03:11:13','E0000077'),('CS2040','General','Hello everyone','Hey there!','48','2019-09-11 08:21:12','E0000078'),('CS2040','General','Hello everyone','Hey there!','49','2019-09-12 01:01:53','E0000079'),('CS2040','General','Hello everyone','Hey there!','50','2019-09-14 21:32:45','E0000080');

-- announcement data
INSERT INTO Announcements VALUES ('CS2102', 'Welcome to this module!', 'A0000004', 'Warm welcomes to this course students!', '2019-08-20 08:00:00');
INSERT INTO Announcements VALUES ('CS2102', 'Make up Lecture', 'A0000002', 'It will be held this Saturday', '2019-09-20 10:00:00');
INSERT INTO Announcements VALUES ('CS2030', 'Welcome to this module!', 'A0000003', 'Warm welcome to this course students!', '2019-08-20 08:00:00');
INSERT INTO Announcements VALUES ('CS2030', 'Make up Lecture', 'A0000003', 'It will be held this Saturday', '2019-09-20 10:00:00');
INSERT INTO Announcements VALUES ('CS2040', 'Welcome to this module!', 'A0000004', 'Warm welcomes to this course students!', '2019-08-20 08:00:00');
INSERT INTO Announcements VALUES ('CS2040', 'Make up Lecture', 'A0000003', 'It will be held this Saturday', '2019-09-20 10:00:00');
INSERT INTO Announcements VALUES ('GER1000', 'Welcome to this module!', 'A0000009', 'Warm welcome to this course students!', '2019-09-25 10:30:00');
INSERT INTO Announcements VALUES ('MA1521', 'Welcome to this module!', 'A0000010', 'Warm welcomes to this course students!', '2019-08-25 08:00:00');
